source,event_id,site_id,disturbance_type,disturbance_year,years_since_disturbance,age_bin,polygon_count,area_ha,grouping_method,source_site_ids,source_polygon_ids,replanted_after_harvest,site_preparation_after_harvest,thinning_after_harvest,second_harvest,planting_year,site_preparation_year,thinning_year,second_harvest_year,next_major_disturbance_year,censor_year
forestry_intervention,harvest_2002_01683,harvest_2002_01683,harvest_total,2002,22,21-23,1,10.795693750737126,provisional contiguous/intersecting harvest_total polygons by year,"-634162,38+682459,58",forestrypoly_1160318,False,False,False,False,<NA>,<NA>,<NA>,<NA>,<NA>,<NA>
forestry_intervention,harvest_2003_00176,harvest_2003_00176,harvest_total,2003,21,21-23,1,251.48868286179663,provisional contiguous/intersecting harvest_total polygons by year,"-543780,03+613245,02",forestrypoly_929560,False,False,False,False,<NA>,<NA>,<NA>,<NA>,<NA>,<NA>
forestry_intervention,harvest_2003_00197,harvest_2003_00197,harvest_total,2003,21,21-23,1,1.3559990490548037,provisional contiguous/intersecting harvest_total polygons by year,"-708353,92+595879,82",forestrypoly_963517,False,False,False,False,<NA>,<NA>,<NA>,<NA>,<NA>,<NA>
forestry_intervention,harvest_2005_00034,harvest_2005_00034,harvest_total,2005,19,16-20,1,0.8370369876358583,provisional contiguous/intersecting harvest_total polygons by year,"-516654,93+615726,81",forestrypoly_1953599,False,False,False,False,<NA>,<NA>,<NA>,<NA>,<NA>,<NA>
forestry_intervention,harvest_2005_00098,harvest_2005_00098,harvest_total,2005,19,16-20,1,7.431956776972349,provisional contiguous/intersecting harvest_total polygons by year,"-532456,17+548336,24",forestrypoly_1957474,False,False,False,False,<NA>,<NA>,<NA>,<NA>,<NA>,<NA>
forestry_intervention,harvest_2005_00112,harvest_2005_00112,harvest_total,2005,19,16-20,1,0.6556044580601346,provisional contiguous/intersecting harvest_total polygons by year,"-637597,59+500130,26",forestrypoly_1955348,False,False,False,False,<NA>,<NA>,<NA>,<NA>,<NA>,<NA>
forestry_intervention,harvest_2005_00276,harvest_2005_00276,harvest_total,2005,19,16-20,1,8.884546722686123,provisional contiguous/intersecting harvest_total polygons by year,"-547051,33+538940,15",forestrypoly_1958021,False,False,False,False,<NA>,<NA>,<NA>,<NA>,<NA>,<NA>
forestry_intervention,harvest_2005_00303,harvest_2005_00303,harvest_total,2005,19,16-20,1,1.0000329613034875,provisional contiguous/intersecting harvest_total polygons by year,"-620920,81+572700,84",forestrypoly_1961578,False,False,False,False,<NA>,<NA>,<NA>,<NA>,<NA>,<NA>
forestry_intervention,harvest_2005_00365,harvest_2005_00365,harvest_total,2005,19,16-20,1,9.769632405749634,provisional contiguous/intersecting harvest_total polygons by year,"-592336,05+651873,81",forestrypoly_1964369,False,False,False,False,<NA>,<NA>,<NA>,<NA>,<NA>,<NA>
forestry_intervention,harvest_2005_00705,harvest_2005_00705,harvest_total,2005,19,16-20,1,140.96557446427167,provisional contiguous/intersecting harvest_total polygons by year,"-578451,64+616758,70",forestrypoly_1953627,False,False,False,False,<NA>,<NA>,<NA>,<NA>,<NA>,<NA>
forestry_intervention,harvest_2005_00747,harvest_2005_00747,harvest_total,2005,19,16-20,1,0.7980680431628259,provisional contiguous/intersecting harvest_total polygons by year,"-685074,57+613046,81",forestrypoly_1966559,False,False,False,False,<NA>,<NA>,<NA>,<NA>,<NA>,<NA>
forestry_intervention,harvest_2005_00977,harvest_2005_00977,harvest_total,2005,19,16-20,1,51.616636165469835,provisional contiguous/intersecting harvest_total polygons by year,"-595455,86+653270,07",forestrypoly_1969138,False,False,False,False,<NA>,<NA>,<NA>,<NA>,<NA>,<NA>
forestry_intervention,harvest_2006_00632,harvest_2006_00632,harvest_total,2006,18,16-20,1,97.61934342875726,provisional contiguous/intersecting harvest_total polygons by year,"-589481,24+652882,36",forestrypoly_1743305,False,False,False,False,<NA>,<NA>,<NA>,<NA>,<NA>,<NA>
forestry_intervention,harvest_2006_01333,harvest_2006_01333,harvest_total,2006,18,16-20,1,2.8736847871186013,provisional contiguous/intersecting harvest_total polygons by year,"-666056,65+662039,73",forestrypoly_1749072,False,False,False,False,<NA>,<NA>,<NA>,<NA>,<NA>,<NA>
forestry_intervention,harvest_2007_00004,harvest_2007_00004,harvest_total,2007,17,16-20,1,9.184880420274611,provisional contiguous/intersecting harvest_total polygons by year,"-596151,32+692724,63",forestrypoly_743969,False,False,False,False,<NA>,<NA>,<NA>,<NA>,<NA>,<NA>
forestry_intervention,harvest_2007_00066,harvest_2007_00066,harvest_total,2007,17,16-20,1,6.568655630352453,provisional contiguous/intersecting harvest_total polygons by year,"-593697,24+507033,33",forestrypoly_773189,False,False,False,False,<NA>,<NA>,<NA>,<NA>,<NA>,<NA>
forestry_intervention,harvest_2007_00174,harvest_2007_00174,harvest_total,2007,17,16-20,1,26.32365382888253,provisional contiguous/intersecting harvest_total polygons by year,"-577143,17+508981,95",forestrypoly_777429,False,False,False,False,<NA>,<NA>,<NA>,<NA>,<NA>,<NA>
forestry_intervention,harvest_2007_00223,harvest_2007_00223,harvest_total,2007,17,16-20,1,5.2512049026860526,provisional contiguous/intersecting harvest_total polygons by year,"-655995,39+568472,62",forestrypoly_750610,False,False,False,False,<NA>,<NA>,<NA>,<NA>,<NA>,<NA>
forestry_intervention,harvest_2007_00227,harvest_2007_00227,harvest_total,2007,17,16-20,1,6.954446446364177,provisional contiguous/intersecting harvest_total polygons by year,"-652727,64+563320,90",forestrypoly_743851,False,False,False,False,<NA>,<NA>,<NA>,<NA>,<NA>,<NA>
forestry_intervention,harvest_2007_00234,harvest_2007_00234,harvest_total,2007,17,16-20,1,4.911155395857338,provisional contiguous/intersecting harvest_total polygons by year,"-679410,56+570318,35",forestrypoly_743852,False,False,False,False,<NA>,<NA>,<NA>,<NA>,<NA>,<NA>
forestry_intervention,harvest_2007_00254,harvest_2007_00254,harvest_total,2007,17,16-20,1,1.7002756879426721,provisional contiguous/intersecting harvest_total polygons by year,"-570760,22+622807,03",forestrypoly_773024,False,False,False,False,<NA>,<NA>,<NA>,<NA>,<NA>,<NA>
forestry_intervention,harvest_2007_00307,harvest_2007_00307,harvest_total,2007,17,16-20,1,7.176351241795343,provisional contiguous/intersecting harvest_total polygons by year,"-694358,05+546436,08",forestrypoly_755443,False,False,False,False,<NA>,<NA>,<NA>,<NA>,<NA>,<NA>
forestry_intervention,harvest_2007_00354,harvest_2007_00354,harvest_total,2007,17,16-20,1,37.922596137068155,provisional contiguous/intersecting harvest_total polygons by year,"-565823,34+589830,55",forestrypoly_776826,False,False,False,False,<NA>,<NA>,<NA>,<NA>,<NA>,<NA>
forestry_intervention,harvest_2007_00357,harvest_2007_00357,harvest_total,2007,17,16-20,1,10.998939300422295,provisional contiguous/intersecting harvest_total polygons by year,"-568525,09+594224,02",forestrypoly_777359,False,False,False,False,<NA>,<NA>,<NA>,<NA>,<NA>,<NA>
forestry_intervention,harvest_2008_00324,harvest_2008_00324,harvest_total,2008,16,16-20,1,1.3826598617612884,provisional contiguous/intersecting harvest_total polygons by year,"-557814,08+540193,95",forestrypoly_1450961,False,False,False,False,<NA>,<NA>,<NA>,<NA>,<NA>,<NA>
forestry_intervention,harvest_2009_00256,harvest_2009_00256,harvest_total,2009,15,11-15,1,5.355138046277255,provisional contiguous/intersecting harvest_total polygons by year,"-538923,48+614296,02",forestrypoly_2048580,False,False,False,False,<NA>,<NA>,<NA>,<NA>,<NA>,<NA>
forestry_intervention,harvest_2009_00418,harvest_2009_00418,harvest_total,2009,15,11-15,1,3.826089473540305,provisional contiguous/intersecting harvest_total polygons by year,"-554873,60+547721,42",forestrypoly_2081397,False,False,False,False,<NA>,<NA>,<NA>,<NA>,<NA>,<NA>
forestry_intervention,harvest_2009_00760,harvest_2009_00760,harvest_total,2009,15,11-15,1,9.824702385965704,provisional contiguous/intersecting harvest_total polygons by year,"-562133,58+663953,40",forestrypoly_2052523,False,False,False,False,<NA>,<NA>,<NA>,<NA>,<NA>,<NA>
forestry_intervention,harvest_2009_00805,harvest_2009_00805,harvest_total,2009,15,11-15,1,13.503847372848078,provisional contiguous/intersecting harvest_total polygons by year,"-586149,46+603529,76",forestrypoly_2049694,False,False,False,False,<NA>,<NA>,<NA>,<NA>,<NA>,<NA>
forestry_intervention,harvest_2010_00072,harvest_2010_00072,harvest_total,2010,14,11-15,1,5.17023084055262,provisional contiguous/intersecting harvest_total polygons by year,"-519211,15+595667,56",forestrypoly_2139361,False,False,False,False,<NA>,<NA>,<NA>,<NA>,<NA>,<NA>
forestry_intervention,harvest_2010_00136,harvest_2010_00136,harvest_total,2010,14,11-15,1,2.29720703091929,provisional contiguous/intersecting harvest_total polygons by year,"-589841,54+508923,54",forestrypoly_2133670,False,False,False,False,<NA>,<NA>,<NA>,<NA>,<NA>,<NA>
forestry_intervention,harvest_2010_00151,harvest_2010_00151,harvest_total,2010,14,11-15,1,5.601318661708124,provisional contiguous/intersecting harvest_total polygons by year,"-673132,28+585811,38",forestrypoly_2134902,False,False,False,False,<NA>,<NA>,<NA>,<NA>,<NA>,<NA>
forestry_intervention,harvest_2010_00293,harvest_2010_00293,harvest_total,2010,14,11-15,2,11.53027841271617,provisional contiguous/intersecting harvest_total polygons by year,"-599391,47+671076,73;-599533,72+671057,13",forestrypoly_2168571;forestrypoly_2168572,False,False,False,False,<NA>,<NA>,<NA>,<NA>,<NA>,<NA>
forestry_intervention,harvest_2010_00310,harvest_2010_00310,harvest_total,2010,14,11-15,1,13.859503645646948,provisional contiguous/intersecting harvest_total polygons by year,"-603154,86+658278,95",forestrypoly_2167951,False,False,False,False,<NA>,<NA>,<NA>,<NA>,<NA>,<NA>
forestry_intervention,harvest_2010_00404,harvest_2010_00404,harvest_total,2010,14,11-15,1,8.1436681728658,provisional contiguous/intersecting harvest_total polygons by year,"-639878,75+533033,04",forestrypoly_2137871,False,False,False,False,<NA>,<NA>,<NA>,<NA>,<NA>,<NA>
forestry_intervention,harvest_2010_00439,harvest_2010_00439,harvest_total,2010,14,11-15,1,34.643332599117784,provisional contiguous/intersecting harvest_total polygons by year,"-633722,95+572747,84",forestrypoly_2140540,False,False,False,False,<NA>,<NA>,<NA>,<NA>,<NA>,<NA>
forestry_intervention,harvest_2010_01077,harvest_2010_01077,harvest_total,2010,14,11-15,1,5.97164168453684,provisional contiguous/intersecting harvest_total polygons by year,"-672066,85+623976,89",forestrypoly_2132278,False,False,False,False,<NA>,<NA>,<NA>,<NA>,<NA>,<NA>
forestry_intervention,harvest_2010_01115,harvest_2010_01115,harvest_total,2010,14,11-15,1,34.77806172441871,provisional contiguous/intersecting harvest_total polygons by year,"-614449,57+653238,28",forestrypoly_2167062,False,False,False,False,<NA>,<NA>,<NA>,<NA>,<NA>,<NA>
forestry_intervention,harvest_2010_01132,harvest_2010_01132,harvest_total,2010,14,11-15,1,12.444971602716226,provisional contiguous/intersecting harvest_total polygons by year,"-695989,72+626932,21",forestrypoly_2138521,False,False,False,False,<NA>,<NA>,<NA>,<NA>,<NA>,<NA>
forestry_intervention,harvest_2011_00040,harvest_2011_00040,harvest_total,2011,13,11-15,1,2.9374374124416174,provisional contiguous/intersecting harvest_total polygons by year,"-652216,42+511379,20",forestrypoly_531539,False,False,False,False,<NA>,<NA>,<NA>,<NA>,<NA>,<NA>
forestry_intervention,harvest_2011_00051,harvest_2011_00051,harvest_total,2011,13,11-15,1,3.2783086114865285,provisional contiguous/intersecting harvest_total polygons by year,"-661047,96+522626,23",forestrypoly_508954,False,False,False,False,<NA>,<NA>,<NA>,<NA>,<NA>,<NA>
forestry_intervention,harvest_2012_00017,harvest_2012_00017,harvest_total,2012,12,11-15,1,4.7151990132902615,provisional contiguous/intersecting harvest_total polygons by year,"-671075,34+525620,38",forestrypoly_63653,False,False,False,False,<NA>,<NA>,<NA>,<NA>,<NA>,<NA>
forestry_intervention,harvest_2012_00062,harvest_2012_00062,harvest_total,2012,12,11-15,1,12.980249705471689,provisional contiguous/intersecting harvest_total polygons by year,"-623724,14+538731,99",forestrypoly_40434,False,False,False,False,<NA>,<NA>,<NA>,<NA>,<NA>,<NA>
forestry_intervention,harvest_2012_00284,harvest_2012_00284,harvest_total,2012,12,11-15,1,10.50331427125668,provisional contiguous/intersecting harvest_total polygons by year,"-622004,55+550541,92",forestrypoly_41398,False,False,False,False,<NA>,<NA>,<NA>,<NA>,<NA>,<NA>
forestry_intervention,harvest_2012_00345,harvest_2012_00345,harvest_total,2012,12,11-15,1,7.191499409569996,provisional contiguous/intersecting harvest_total polygons by year,"-687393,93+583232,79",forestrypoly_64228,False,False,False,False,<NA>,<NA>,<NA>,<NA>,<NA>,<NA>
forestry_intervention,harvest_2012_00501,harvest_2012_00501,harvest_total,2012,12,11-15,1,1.2849488281774382,provisional contiguous/intersecting harvest_total polygons by year,"-665475,23+566201,32",forestrypoly_64310,False,False,False,False,<NA>,<NA>,<NA>,<NA>,<NA>,<NA>
forestry_intervention,harvest_2012_00585,harvest_2012_00585,harvest_total,2012,12,11-15,1,1.0284753937242184,provisional contiguous/intersecting harvest_total polygons by year,"-593097,51+556551,45",forestrypoly_41125,False,False,False,False,<NA>,<NA>,<NA>,<NA>,<NA>,<NA>
forestry_intervention,harvest_2012_00681,harvest_2012_00681,harvest_total,2012,12,11-15,1,2.0660486387139305,provisional contiguous/intersecting harvest_total polygons by year,"-623591,18+539800,15",forestrypoly_40561,False,False,False,False,<NA>,<NA>,<NA>,<NA>,<NA>,<NA>
forestry_intervention,harvest_2012_00846,harvest_2012_00846,harvest_total,2012,12,11-15,1,15.879440008519268,provisional contiguous/intersecting harvest_total polygons by year,"-632076,19+657806,71",forestrypoly_43230,False,False,False,False,<NA>,<NA>,<NA>,<NA>,<NA>,<NA>
forestry_intervention,harvest_2012_00895,harvest_2012_00895,harvest_total,2012,12,11-15,1,20.910425439501427,provisional contiguous/intersecting harvest_total polygons by year,"-568867,59+517696,36",forestrypoly_41421,False,False,False,False,<NA>,<NA>,<NA>,<NA>,<NA>,<NA>
forestry_intervention,harvest_2012_00896,harvest_2012_00896,harvest_total,2012,12,11-15,1,37.37895698269726,provisional contiguous/intersecting harvest_total polygons by year,"-567847,56+517016,03",forestrypoly_41422,False,False,False,False,<NA>,<NA>,<NA>,<NA>,<NA>,<NA>
forestry_intervention,harvest_2013_00314,harvest_2013_00314,harvest_total,2013,11,11-15,1,6.782007256885436,provisional contiguous/intersecting harvest_total polygons by year,"-608118,28+674532,17",forestrypoly_1303076,False,False,False,False,<NA>,<NA>,<NA>,<NA>,<NA>,<NA>
forestry_intervention,harvest_2014_00266,harvest_2014_00266,harvest_total,2014,10,6-10,1,66.04357605569028,provisional contiguous/intersecting harvest_total polygons by year,"-556246,59+557021,78",forestrypoly_1896533,False,False,False,False,<NA>,<NA>,<NA>,<NA>,<NA>,<NA>
forestry_intervention,harvest_2016_00016,harvest_2016_00016,harvest_total,2016,8,6-10,1,5.597526228905498,provisional contiguous/intersecting harvest_total polygons by year,"-672769,84+532887,72",forestrypoly_1117354,False,False,False,False,<NA>,<NA>,<NA>,<NA>,<NA>,<NA>
forestry_intervention,harvest_2016_00026,harvest_2016_00026,harvest_total,2016,8,6-10,1,19.57261616053019,provisional contiguous/intersecting harvest_total polygons by year,"-666301,43+544389,97",forestrypoly_1141307,False,False,False,False,<NA>,<NA>,<NA>,<NA>,<NA>,<NA>
forestry_intervention,harvest_2016_00820,harvest_2016_00820,harvest_total,2016,8,6-10,1,22.311681659198026,provisional contiguous/intersecting harvest_total polygons by year,"-594065,77+534038,59",forestrypoly_1141104,False,False,False,False,<NA>,<NA>,<NA>,<NA>,<NA>,<NA>
forestry_intervention,harvest_2018_00952,harvest_2018_00952,harvest_total,2018,6,6-10,1,15.299667163233977,provisional contiguous/intersecting harvest_total polygons by year,"-567771,88+595819,94",forestrypoly_852489,False,False,False,False,<NA>,<NA>,<NA>,<NA>,<NA>,<NA>
forestry_intervention,harvest_2018_01286,harvest_2018_01286,harvest_total,2018,6,6-10,1,42.478436542850375,provisional contiguous/intersecting harvest_total polygons by year,"-528619,88+615953,34",forestrypoly_848784,False,False,False,False,<NA>,<NA>,<NA>,<NA>,<NA>,<NA>
forestry_intervention,harvest_2020_00459,harvest_2020_00459,harvest_total,2020,4,0-5,1,18.49357285137304,provisional contiguous/intersecting harvest_total polygons by year,"-585096,05+516060,58",forestrypoly_1385829,False,False,False,False,<NA>,<NA>,<NA>,<NA>,<NA>,<NA>
forestry_intervention,harvest_2020_01549,harvest_2020_01549,harvest_total,2020,4,0-5,1,5.624369283059625,provisional contiguous/intersecting harvest_total polygons by year,"-614114,66+667672,87",forestrypoly_1396299,False,False,False,False,<NA>,<NA>,<NA>,<NA>,<NA>,<NA>
forestry_intervention,harvest_2021_00772,harvest_2021_00772,harvest_total,2021,3,0-5,1,48.55354367857432,provisional contiguous/intersecting harvest_total polygons by year,"-683417,59+549236,16",forestrypoly_595228,False,False,False,False,<NA>,<NA>,<NA>,<NA>,<NA>,<NA>
forestry_intervention,harvest_2021_00937,harvest_2021_00937,harvest_total,2021,3,0-5,1,21.76597192804869,provisional contiguous/intersecting harvest_total polygons by year,"-656154,31+570889,38",forestrypoly_599142,False,False,False,False,<NA>,<NA>,<NA>,<NA>,<NA>,<NA>
forestry_intervention,harvest_2021_01749,harvest_2021_01749,harvest_total,2021,3,0-5,1,38.71467393534771,provisional contiguous/intersecting harvest_total polygons by year,"-566312,19+604498,82",forestrypoly_604656,False,False,False,False,<NA>,<NA>,<NA>,<NA>,<NA>,<NA>
forestry_intervention,harvest_2023_00116,harvest_2023_00116,harvest_total,2023,1,0-5,1,9.316732483932093,provisional contiguous/intersecting harvest_total polygons by year,"-538771,31+581083,36",forestrypoly_188058,False,False,False,False,<NA>,<NA>,<NA>,<NA>,<NA>,<NA>
forestry_intervention,harvest_2023_00217,harvest_2023_00217,harvest_total,2023,1,0-5,1,5.706531424582403,provisional contiguous/intersecting harvest_total polygons by year,"-618050,19+534390,91",forestrypoly_170496,False,False,False,False,<NA>,<NA>,<NA>,<NA>,<NA>,<NA>
forestry_intervention,harvest_2023_00303,harvest_2023_00303,harvest_total,2023,1,0-5,1,1.7636665401988536,provisional contiguous/intersecting harvest_total polygons by year,"-706338,62+564126,93",forestrypoly_178448,False,False,False,False,<NA>,<NA>,<NA>,<NA>,<NA>,<NA>
forestry_intervention,harvest_2023_00310,harvest_2023_00310,harvest_total,2023,1,0-5,1,13.462747485353098,provisional contiguous/intersecting harvest_total polygons by year,"-624354,65+499868,86",forestrypoly_173097,False,False,False,False,<NA>,<NA>,<NA>,<NA>,<NA>,<NA>
forestry_intervention,harvest_2023_00339,harvest_2023_00339,harvest_total,2023,1,0-5,1,2.6857124474846463,provisional contiguous/intersecting harvest_total polygons by year,"-665619,04+531024,04",forestrypoly_171217,False,False,False,False,<NA>,<NA>,<NA>,<NA>,<NA>,<NA>
forestry_intervention,harvest_2023_00349,harvest_2023_00349,harvest_total,2023,1,0-5,1,6.858314051866356,provisional contiguous/intersecting harvest_total polygons by year,"-665173,71+548945,27",forestrypoly_177243,False,False,False,False,<NA>,<NA>,<NA>,<NA>,<NA>,<NA>
forestry_intervention,harvest_2023_00408,harvest_2023_00408,harvest_total,2023,1,0-5,1,15.16458234578615,provisional contiguous/intersecting harvest_total polygons by year,"-696946,96+577805,61",forestrypoly_176724,False,False,False,False,<NA>,<NA>,<NA>,<NA>,<NA>,<NA>
forestry_intervention,harvest_2023_00436,harvest_2023_00436,harvest_total,2023,1,0-5,1,16.73391612453801,provisional contiguous/intersecting harvest_total polygons by year,"-586231,08+581460,86",forestrypoly_171456,False,False,False,False,<NA>,<NA>,<NA>,<NA>,<NA>,<NA>
forestry_intervention,harvest_2023_00653,harvest_2023_00653,harvest_total,2023,1,0-5,1,2.4817374545465656,provisional contiguous/intersecting harvest_total polygons by year,"-624940,66+574000,18",forestrypoly_177193,False,False,False,False,<NA>,<NA>,<NA>,<NA>,<NA>,<NA>
forestry_intervention,harvest_2023_00658,harvest_2023_00658,harvest_total,2023,1,0-5,1,10.98130142051239,provisional contiguous/intersecting harvest_total polygons by year,"-651302,96+568890,48",forestrypoly_178459,False,False,False,False,<NA>,<NA>,<NA>,<NA>,<NA>,<NA>
forestry_intervention,harvest_2023_00662,harvest_2023_00662,harvest_total,2023,1,0-5,1,7.602292145440905,provisional contiguous/intersecting harvest_total polygons by year,"-605307,48+584483,77",forestrypoly_178579,False,False,False,False,<NA>,<NA>,<NA>,<NA>,<NA>,<NA>
forestry_intervention,harvest_2023_00958,harvest_2023_00958,harvest_total,2023,1,0-5,1,10.268680565338496,provisional contiguous/intersecting harvest_total polygons by year,"-617620,91+668291,66",forestrypoly_188505,False,False,False,False,<NA>,<NA>,<NA>,<NA>,<NA>,<NA>
forestry_intervention,harvest_2023_00978,harvest_2023_00978,harvest_total,2023,1,0-5,1,15.214789556702646,provisional contiguous/intersecting harvest_total polygons by year,"-518721,22+601569,01",forestrypoly_187632,False,False,False,False,<NA>,<NA>,<NA>,<NA>,<NA>,<NA>
