fire_event_id,harvest_event_id,fire_year,harvest_year,age_difference,temporal_quality,centroid_distance_m,fire_usable_area_ha,harvest_usable_area_ha,pair_id,fire_supported_event_years,harvest_supported_event_years,fire_has_reference_support,harvest_has_reference_support,support_class
fire_20051080641_2005,harvest_2005_00977,2005,2005,0,exact_year,23.254397,0.090000,39.773898,event_pair_001,17,23,True,True,both_fire_and_harvest_supported
fire_20161080226_2016,harvest_2016_00026,2016,2016,0,exact_year,124.462435,0.090000,9.790758,event_pair_002,11,13,True,True,both_fire_and_harvest_supported
fire_20071080134_2007,harvest_2007_00234,2007,2007,0,exact_year,167.252389,5.580000,2.244229,event_pair_003,5,17,True,True,both_fire_and_harvest_supported
fire_20121080266_2012,harvest_2012_00345,2012,2012,0,exact_year,244.288857,2.430000,3.288481,event_pair_004,4,10,True,True,both_fire_and_harvest_supported
fire_20051080768_2005,harvest_2005_00747,2005,2005,0,exact_year,290.929888,75.960000,0.000219,event_pair_005,3,11,True,True,both_fire_and_harvest_supported
fire_20181080368_2018,harvest_2018_00952,2018,2018,0,exact_year,333.255207,1829.340000,6.918831,event_pair_006,5,7,True,True,both_fire_and_harvest_supported
fire_20071080492_2007,harvest_2007_00254,2007,2007,0,exact_year,418.146419,113.490000,0.000594,event_pair_007,18,13,True,True,both_fire_and_harvest_supported
fire_20051080797_2005,harvest_2005_00098,2005,2005,0,exact_year,475.551507,127.440000,0.942212,event_pair_008,24,16,True,True,both_fire_and_harvest_supported
fire_20141080107_2014,harvest_2014_00266,2014,2014,0,exact_year,627.785225,0.270000,53.501921,event_pair_009,11,15,True,True,both_fire_and_harvest_supported
fire_20101080268_2010,harvest_2010_00310,2010,2010,0,exact_year,637.666366,3.330000,7.318911,event_pair_010,3,17,True,True,both_fire_and_harvest_supported
fire_20121080119_2012,harvest_2012_00501,2012,2012,0,exact_year,663.112199,9.000000,0.000077,event_pair_011,16,14,True,True,both_fire_and_harvest_supported
fire_20211080400_2021,harvest_2021_00772,2021,2021,0,exact_year,671.550079,21.150000,27.758042,event_pair_012,8,8,True,True,both_fire_and_harvest_supported
fire_20101080190_2010,harvest_2010_00404,2010,2010,0,exact_year,747.204037,0.450000,3.157029,event_pair_013,12,14,True,True,both_fire_and_harvest_supported
fire_20051080583_2005,harvest_2005_00303,2005,2005,0,exact_year,766.329637,335.790000,0.025492,event_pair_014,17,15,True,True,both_fire_and_harvest_supported
fire_20061080486_2006,harvest_2006_00632,2006,2006,0,exact_year,769.942435,121.050000,55.852336,event_pair_015,22,21,True,True,both_fire_and_harvest_supported
fire_20051080691_2005,harvest_2005_00705,2005,2005,0,exact_year,806.371603,97.920000,94.416013,event_pair_016,18,17,True,True,both_fire_and_harvest_supported
fire_20231080297_2023,harvest_2023_00310,2023,2023,0,exact_year,859.972278,950.580000,5.475406,event_pair_017,3,3,True,True,both_fire_and_harvest_supported
fire_20091080336_2009,harvest_2009_00760,2009,2009,0,exact_year,936.799965,54.630000,5.059416,event_pair_018,18,16,True,True,both_fire_and_harvest_supported
fire_20121080234_2012,harvest_2012_00062,2012,2012,0,exact_year,946.920933,0.180000,8.073385,event_pair_019,12,12,True,True,both_fire_and_harvest_supported
fire_20051080616_2005,harvest_2005_00112,2005,2005,0,exact_year,1263.313263,26.640000,0.019630,event_pair_020,17,18,True,True,both_fire_and_harvest_supported
fire_20121080233_2012,harvest_2012_00681,2012,2012,0,exact_year,1669.573113,3.330000,0.627693,event_pair_021,9,11,True,True,both_fire_and_harvest_supported
fire_20121080132_2012,harvest_2012_00017,2012,2012,0,exact_year,2132.307375,2.880000,1.709328,event_pair_022,16,14,True,True,both_fire_and_harvest_supported
fire_20231080245_2023,harvest_2023_00217,2023,2023,0,exact_year,2408.816260,1201.500000,1.921350,event_pair_023,4,4,True,True,both_fire_and_harvest_supported
fire_20161080195_2016,harvest_2016_00016,2016,2016,0,exact_year,2648.617085,0.450000,2.848483,event_pair_024,10,11,True,True,both_fire_and_harvest_supported
fire_20051080731_2005,harvest_2005_00276,2005,2005,0,exact_year,2895.514540,7.110000,5.362613,event_pair_025,20,15,True,True,both_fire_and_harvest_supported
fire_20231080429_2023,harvest_2023_00408,2023,2023,0,exact_year,3129.026904,0.720000,8.746968,event_pair_026,3,5,True,True,both_fire_and_harvest_supported
fire_20231080274_2023,harvest_2023_00978,2023,2023,0,exact_year,3498.060753,4874.400000,8.384421,event_pair_027,3,6,True,True,both_fire_and_harvest_supported
fire_20101080264_2010,harvest_2010_01132,2010,2010,0,exact_year,3688.685327,0.450000,6.984364,event_pair_028,13,16,True,True,both_fire_and_harvest_supported
fire_20211080077_2021,harvest_2021_00937,2021,2021,0,exact_year,3706.840689,0.090000,11.989231,event_pair_029,7,8,True,True,both_fire_and_harvest_supported
fire_20071080254_2007,harvest_2007_00066,2007,2007,0,exact_year,3779.333514,3256.830000,1.763728,event_pair_030,16,10,True,True,both_fire_and_harvest_supported
fire_20181080480_2018,harvest_2018_01286,2018,2018,0,exact_year,4119.283869,7.470000,24.843576,event_pair_031,11,11,True,True,both_fire_and_harvest_supported
fire_20231080044_2023,harvest_2023_00303,2023,2023,0,exact_year,4182.826574,0.090000,0.168193,event_pair_032,3,3,True,True,both_fire_and_harvest_supported
fire_20201080518_2020,harvest_2020_01549,2020,2020,0,exact_year,4401.114608,2.790000,2.143248,event_pair_033,9,8,True,True,both_fire_and_harvest_supported
fire_20071080325_2007,harvest_2007_00227,2007,2007,0,exact_year,5120.272679,0.810000,3.362183,event_pair_034,17,20,True,True,both_fire_and_harvest_supported
fire_20111080283_2011,harvest_2011_00051,2011,2011,0,exact_year,5143.605763,0.540000,0.908951,event_pair_035,14,15,True,True,both_fire_and_harvest_supported
fire_20091080356_2009,harvest_2009_00256,2009,2009,0,exact_year,5315.168378,3.510000,2.234048,event_pair_036,18,17,True,True,both_fire_and_harvest_supported
fire_20071080193_2007,harvest_2007_00174,2007,2007,0,exact_year,5734.787325,203.310000,20.405959,event_pair_037,20,21,True,True,both_fire_and_harvest_supported
fire_20031080377_2003,harvest_2003_00197,2003,2003,0,exact_year,5872.975307,7.560000,0.000346,event_pair_038,22,19,True,True,both_fire_and_harvest_supported
fire_20121080337_2012,harvest_2012_00284,2012,2012,0,exact_year,6106.483801,495.090000,4.576073,event_pair_039,15,14,True,True,both_fire_and_harvest_supported
fire_20231080041_2023,harvest_2023_00339,2023,2023,0,exact_year,6111.299448,3.510000,0.539216,event_pair_040,6,6,True,True,both_fire_and_harvest_supported
fire_20101080233_2010,harvest_2010_00439,2010,2010,0,exact_year,6172.542533,2.520000,20.044420,event_pair_041,14,18,True,True,both_fire_and_harvest_supported
fire_20071080460_2007,harvest_2007_00307,2007,2007,0,exact_year,6227.455105,0.270000,2.293315,event_pair_042,17,18,True,True,both_fire_and_harvest_supported
fire_20101080326_2010,harvest_2010_00151,2010,2010,0,exact_year,6592.402473,1.890000,1.131016,event_pair_043,11,15,True,True,both_fire_and_harvest_supported
fire_20121080258_2012,harvest_2012_00846,2012,2012,0,exact_year,7595.058742,0.990000,7.360146,event_pair_044,15,15,True,True,both_fire_and_harvest_supported
fire_20201080318_2020,harvest_2020_00459,2020,2020,0,exact_year,7884.303767,1.080000,13.377514,event_pair_045,6,7,True,True,both_fire_and_harvest_supported
fire_20071080498_2007,harvest_2007_00004,2007,2007,0,exact_year,8146.270417,4.950000,3.122310,event_pair_046,13,14,True,True,both_fire_and_harvest_supported
fire_20091080313_2009,harvest_2009_00805,2009,2009,0,exact_year,8641.344036,57.690000,9.432255,event_pair_047,13,11,True,True,both_fire_and_harvest_supported
fire_20101080421_2010,harvest_2010_00136,2010,2010,0,exact_year,9058.010106,4.770000,0.301115,event_pair_048,17,9,True,True,both_fire_and_harvest_supported
fire_20021080304_2002,harvest_2002_01683,2002,2002,0,exact_year,9369.374064,8.730000,4.752353,event_pair_049,26,24,True,True,both_fire_and_harvest_supported
fire_20031080204_2003,harvest_2003_00176,2003,2003,0,exact_year,9469.435509,5.130000,187.200441,event_pair_050,25,25,True,True,both_fire_and_harvest_supported
fire_20231080165_2023,harvest_2023_00116,2023,2023,0,exact_year,9667.139581,18.990000,4.788606,event_pair_051,6,5,True,True,both_fire_and_harvest_supported
fire_20161080308_2016,harvest_2016_00820,2016,2016,0,exact_year,9700.619013,3.780000,10.949470,event_pair_052,8,8,True,True,both_fire_and_harvest_supported
fire_20121080261_2012,harvest_2012_00585,2012,2012,0,exact_year,9775.728159,143.010000,0.042318,event_pair_053,12,8,True,True,both_fire_and_harvest_supported
fire_20231080251_2023,harvest_2023_00658,2023,2023,0,exact_year,9841.073252,1.710000,2.561908,event_pair_054,6,5,True,True,both_fire_and_harvest_supported
fire_20091080315_2009,harvest_2009_00418,2009,2009,0,exact_year,10081.910986,3.690000,0.642261,event_pair_055,18,16,True,True,both_fire_and_harvest_supported
fire_20101080280_2010,harvest_2010_01077,2010,2010,0,exact_year,10145.640496,0.090000,3.344611,event_pair_056,4,9,True,True,both_fire_and_harvest_supported
fire_20231080200_2023,harvest_2023_00349,2023,2023,0,exact_year,10610.858323,6.210000,3.313380,event_pair_057,6,6,True,True,both_fire_and_harvest_supported
fire_20101080253_2010,harvest_2010_00072,2010,2010,0,exact_year,11172.613354,2392.740000,1.217586,event_pair_058,16,15,True,True,both_fire_and_harvest_supported
fire_20051080759_2005,harvest_2005_00365,2005,2005,0,exact_year,11767.809645,4.860000,5.442294,event_pair_059,21,18,True,True,both_fire_and_harvest_supported
fire_20121080221_2012,harvest_2012_00896,2012,2012,0,exact_year,11779.415084,31.410000,21.789922,event_pair_060,9,17,True,True,both_fire_and_harvest_supported
fire_20231080344_2023,harvest_2023_00436,2023,2023,0,exact_year,12005.346112,124555.950000,8.362670,event_pair_061,1,4,True,True,both_fire_and_harvest_supported
fire_20051080714_2005,harvest_2005_00034,2005,2005,0,exact_year,12167.511406,12.690000,0.059603,event_pair_062,21,17,True,True,both_fire_and_harvest_supported
fire_20231080315_2023,harvest_2023_00653,2023,2023,0,exact_year,12236.839357,0.360000,0.845104,event_pair_063,6,6,True,True,both_fire_and_harvest_supported
fire_20121080264_2012,harvest_2012_00896,2012,2012,0,exact_year,12454.408872,1.080000,21.789922,event_pair_064,13,17,True,True,both_fire_and_harvest_supported
fire_20071080494_2007,harvest_2007_00357,2007,2007,0,exact_year,13251.631620,0.630000,6.435876,event_pair_065,10,13,True,True,both_fire_and_harvest_supported
fire_20211080467_2021,harvest_2021_01749,2021,2021,0,exact_year,13788.230148,1.440000,22.180585,event_pair_066,5,7,True,True,both_fire_and_harvest_supported
fire_20101080282_2010,harvest_2010_01115,2010,2010,0,exact_year,14502.413779,29.520000,16.726750,event_pair_067,16,17,True,True,both_fire_and_harvest_supported
fire_20101080272_2010,harvest_2010_00293,2010,2010,0,exact_year,16121.836104,8.100000,5.400795,event_pair_068,16,17,True,True,both_fire_and_harvest_supported
fire_20111080279_2011,harvest_2011_00040,2011,2011,0,exact_year,19191.319066,0.720000,0.156026,event_pair_069,13,14,True,True,both_fire_and_harvest_supported
fire_20061080494_2006,harvest_2006_01333,2006,2006,0,exact_year,19580.029230,4.680000,0.634437,event_pair_070,18,10,True,True,both_fire_and_harvest_supported
fire_20231080314_2023,harvest_2023_00958,2023,2023,0,exact_year,22090.104593,36086.670000,6.196613,event_pair_071,3,6,True,True,both_fire_and_harvest_supported
fire_20071080490_2007,harvest_2007_00227,2007,2007,0,exact_year,24623.855613,0.180000,3.362183,event_pair_072,12,20,True,True,both_fire_and_harvest_supported
fire_20131080240_2013,harvest_2013_00314,2013,2013,0,exact_year,27001.490209,3.150000,3.904816,event_pair_073,15,15,True,True,both_fire_and_harvest_supported
fire_20071080710_2007,harvest_2007_00354,2007,2007,0,exact_year,27325.118033,0.270000,24.100769,event_pair_074,16,14,True,True,both_fire_and_harvest_supported
fire_20082000011_2008,harvest_2008_00324,2008,2008,0,exact_year,32586.810967,0.630000,0.019768,event_pair_075,17,16,True,True,both_fire_and_harvest_supported
fire_20231080256_2023,harvest_2023_00662,2023,2023,0,exact_year,36934.827687,1548.540000,2.639150,event_pair_076,3,4,True,True,both_fire_and_harvest_supported
