pair_id,fire_lon,fire_lat,harvest_lon,harvest_lat,pair_distance_km,fire_distance_to_aoi_boundary_m,harvest_distance_to_aoi_boundary_m,fire_distance_to_nbac_fire_edge_m,fire_inside_nbac_2005
pair_00248,-77.021687,48.795094,-77.022226,48.792129,0.330559,2454.810970,2376.678582,227.288055,True
pair_00249,-77.030581,48.831206,-77.027077,48.831745,0.262914,1431.903539,1403.112179,108.869611,True
pair_00250,-77.008212,48.811803,-77.007673,48.811803,0.039404,3652.673903,3691.799710,25.434987,True
pair_00251,-77.016028,48.809647,-77.015758,48.809108,0.062842,3056.984173,3069.500920,3.095976,True
pair_00252,-77.016836,48.829859,-77.016836,48.830128,0.029775,1699.301227,1669.737052,7.351442,False
pair_00253,-77.017645,48.791860,-77.021148,48.791590,0.257935,2705.807589,2447.873290,40.871779,True
pair_00254,-77.014411,48.805874,-77.009290,48.803987,0.428748,3124.791649,3471.788577,144.495581,True
pair_00255,-77.029233,48.832554,-77.027616,48.832015,0.132368,1295.470391,1368.756261,79.436471,True
pair_00256,-77.030042,48.831206,-77.027616,48.831745,0.187050,1436.587647,1398.429744,80.033316,True
pair_00257,-77.029233,48.782697,-77.027616,48.783506,0.148359,1743.700872,1871.792799,92.991951,True
pair_00258,-77.027347,48.794016,-77.023574,48.789704,0.551328,2029.634241,2246.892415,192.444495,True
pair_00259,-77.013872,48.803987,-77.013063,48.804257,0.066273,3139.129938,3201.411129,41.095434,True
pair_00260,-77.018723,48.795094,-77.021687,48.791321,0.470544,2670.038271,2405.194139,236.757728,True
pair_00261,-77.026808,48.790512,-77.025191,48.789165,0.190311,2022.666568,2122.372287,37.822634,True
pair_00262,-76.964554,48.845220,-76.964824,48.846298,0.120938,463.195357,342.382875,56.683069,True
pair_00263,-77.018992,48.794824,-77.021687,48.791590,0.408649,2646.955605,2408.731630,218.655325,True
pair_00264,-77.013602,48.805065,-77.012794,48.804796,0.066157,3172.894863,3228.021361,38.703905,True
pair_00265,-77.020340,48.793477,-77.021418,48.792668,0.119309,2531.360640,2442.441955,48.923336,True
pair_00266,-77.031389,48.832554,-77.027077,48.832015,0.320693,1276.734492,1373.438669,155.386276,True
pair_00267,-77.008212,48.811533,-77.007404,48.811803,0.066200,3649.128928,3711.326332,24.534795,True
pair_00268,-77.009560,48.807491,-77.008751,48.804526,0.333483,3498.199633,3517.998108,142.159821,True
pair_00269,-77.016836,48.791860,-77.021148,48.791321,0.320961,2764.556462,2444.336021,20.791507,True
pair_00270,-77.023843,48.794016,-77.023035,48.792129,0.217073,2284.076503,2317.930572,84.279241,True
pair_00271,-77.050254,48.799945,-77.049984,48.799945,0.019743,444.512895,464.115627,8.217817,False
pair_00272,-77.027886,48.793207,-77.023304,48.789973,0.490356,1979.848545,2270.038435,203.569343,True
pair_00273,-77.043786,48.788356,-77.043786,48.788087,0.029776,761.315368,757.768734,7.030585,False
pair_00274,-77.012794,48.824469,-77.013063,48.825008,0.062816,2326.753561,2265.181292,33.815668,True
pair_00275,-77.026538,48.792399,-77.022496,48.792129,0.297122,2067.103079,2357.071697,109.976274,True
pair_00276,-77.025730,48.788356,-77.025460,48.788356,0.019748,2072.585055,2092.193399,7.864522,False
pair_00277,-77.013602,48.800484,-77.013602,48.800753,0.029776,3112.709949,3116.244064,11.814677,False
pair_00278,-77.035162,48.816923,-77.035431,48.816923,0.019663,1763.863424,1744.339823,3.882812,True
pair_00279,-77.021418,48.794016,-77.021418,48.792399,0.178988,2460.168267,2438.904579,107.515951,True
pair_00280,-77.031389,48.807491,-77.031389,48.807760,0.029776,1913.529353,1917.070790,0.890198,True
pair_00281,-77.025730,48.787279,-77.025730,48.788626,0.149102,2058.415197,2076.137385,0.709886,False
pair_00282,-77.032197,48.790243,-77.023843,48.789434,0.617536,1627.777127,2223.805648,285.723782,True
pair_00283,-77.035701,48.835518,-77.035970,48.835788,0.035770,913.504827,881.492879,10.867949,True
pair_00284,-77.026538,48.792129,-77.022765,48.792129,0.275943,2063.550429,2337.537439,118.332622,True
pair_00285,-77.014950,48.805065,-77.008751,48.803718,0.477147,3075.031135,3507.388686,128.399655,True
pair_00286,-77.045133,48.782697,-77.044594,48.783775,0.125672,588.871531,642.233336,100.401547,True
pair_00287,-77.028425,48.794285,-77.023574,48.789434,0.643587,1954.896050,2243.340984,276.188311,True
pair_00288,-77.029233,48.782428,-77.027347,48.783506,0.182407,1740.160229,1891.330461,82.521703,True
pair_00289,-77.038396,48.785392,-77.039204,48.784314,0.133162,1113.691428,1040.803894,64.129729,True
pair_00290,-77.032467,48.789704,-77.023843,48.789165,0.633577,1601.072719,2220.267258,303.859277,True
pair_00291,-77.007673,48.813689,-77.006865,48.814497,0.107181,3555.956377,3474.156460,38.234422,True
pair_00292,-77.014950,48.805335,-77.008482,48.803987,0.495899,3078.578929,3530.450601,138.044694,True
pair_00293,-77.007135,48.810994,-77.006865,48.812072,0.120945,3720.232503,3740.682964,12.592053,True
pair_00294,-77.024921,48.789434,-77.024921,48.789165,0.029776,2145.519147,2141.980312,3.864166,False
pair_00295,-77.031928,48.765449,-77.031120,48.764641,0.107219,1320.862877,1368.932864,58.758271,True
pair_00296,-77.023304,48.794016,-77.023035,48.792399,0.180066,2323.216012,2321.481769,83.521369,True
pair_00297,-77.010638,48.806413,-77.009290,48.804526,0.230958,3405.783432,3478.866347,25.165500,True
pair_00298,-77.019801,48.794016,-77.021687,48.792129,0.250308,2577.587379,2415.819759,114.114908,True
pair_00299,-77.029233,48.832015,-77.027886,48.832015,0.098431,1354.707269,1366.410603,69.710746,True
pair_00300,-77.018184,48.792938,-77.020879,48.791860,0.230407,2680.836374,2470.958128,122.713828,True
pair_00301,-77.024652,48.794824,-77.021957,48.791860,0.382740,2235.960265,2392.675257,174.944223,True
pair_00302,-77.018723,48.792129,-77.020879,48.792129,0.157682,2631.060559,2474.495283,40.673858,True
pair_00303,-77.027077,48.792129,-77.023035,48.790243,0.361905,2024.409569,2293.124772,155.626073,True
pair_00304,-77.023304,48.791051,-77.022765,48.791590,0.071510,2284.217392,2330.448417,7.561389,False
pair_00305,-77.031928,48.790243,-77.024382,48.789165,0.564666,1647.311855,2181.123767,266.191777,True
pair_00306,-77.013602,48.805335,-77.012255,48.804796,0.115149,3176.442098,3267.152670,60.516062,True
pair_00307,-77.024652,48.821504,-77.024113,48.822313,0.097829,2549.691417,2465.461209,69.076771,True
pair_00308,-77.024382,48.821235,-77.024113,48.822582,0.150387,2581.600792,2435.897149,90.720443,True
pair_00309,-77.023843,48.791860,-77.023035,48.791860,0.059094,2255.716880,2314.392526,30.793053,True
pair_00310,-77.029233,48.833362,-77.027077,48.832554,0.181160,1206.670090,1314.201577,34.882831,True
pair_00311,-77.013333,48.799675,-77.013063,48.800214,0.062844,3121.612761,3148.297744,13.794125,True
pair_00312,-77.035162,48.816384,-77.035701,48.816923,0.071497,1756.764333,1724.743653,19.045852,True
pair_00313,-76.989617,48.845220,-76.989887,48.845489,0.035715,246.805508,214.905896,2.088878,False
pair_00314,-77.023574,48.793207,-77.024113,48.792938,0.049402,2292.968852,2250.290204,5.664513,False
pair_00315,-76.966441,48.844142,-76.965632,48.846298,0.245847,565.410033,335.416606,103.197778,True
pair_00316,-77.045403,48.782697,-77.043516,48.783506,0.164538,569.261488,716.980086,107.029015,True
pair_00317,-77.013872,48.806413,-77.009021,48.804257,0.427497,3171.003508,3494.863715,159.689084,True
pair_00318,-76.997433,48.837135,-77.000667,48.837943,0.252654,1067.784943,950.982220,55.498741,True
pair_00319,-77.008751,48.837943,-77.008482,48.838482,0.062814,880.949128,824.042038,17.193537,True
pair_00320,-77.025191,48.793477,-77.024382,48.792938,0.084025,2179.100560,2230.756333,33.803860,True
pair_00321,-77.034892,48.770300,-77.033006,48.768144,0.275684,1169.398618,1278.026205,3.180025,True
pair_00322,-77.030850,48.832284,-77.027077,48.832284,0.275708,1311.092214,1343.875070,185.288183,True
pair_00323,-77.010907,48.807760,-77.009290,48.804257,0.405370,3403.945838,3475.334028,174.771209,True
pair_00324,-77.014411,48.801831,-77.013872,48.801292,0.071505,3071.669987,3103.722061,11.198092,True
pair_00325,-77.021418,48.810725,-77.019262,48.809916,0.181282,2679.890826,2825.758843,109.277710,True
pair_00326,-77.034353,48.764371,-77.031389,48.763832,0.224960,1130.470159,1338.736382,46.973011,True
pair_00327,-77.030581,48.831745,-77.027347,48.831745,0.236324,1372.666742,1400.766655,151.392006,True
pair_00328,-77.044055,48.788356,-77.044055,48.786201,0.238542,741.780248,713.366705,16.808843,False
pair_00329,-77.038396,48.832554,-77.038396,48.832823,0.029775,1215.810272,1186.247251,0.114198,False
pair_00330,-77.023304,48.793746,-77.023304,48.792399,0.149101,2319.664710,2301.947641,53.644464,True
pair_00331,-77.039474,48.823391,-77.040282,48.823391,0.059055,1536.137844,1477.502940,4.462065,True
pair_00332,-77.046481,48.787279,-77.044325,48.786201,0.197757,551.397274,693.758079,39.853424,True
pair_00333,-77.016567,48.792399,-77.021418,48.791051,0.384887,2791.174914,2421.178235,34.383379,True
pair_00334,-77.031659,48.790512,-77.024652,48.789165,0.533739,1670.388208,2161.515724,250.428520,True
pair_00335,-77.026808,48.792129,-77.023304,48.790243,0.330544,2043.943686,2273.589753,136.865016,True
pair_00336,-77.010099,48.807221,-77.009021,48.804526,0.308546,3455.524606,3498.395923,113.425616,True
pair_00337,-77.014950,48.801023,-77.013872,48.801023,0.078826,3021.919219,3100.187836,43.622220,True
pair_00338,-77.035701,48.834440,-77.036240,48.835518,0.125652,1031.976952,908.818054,82.551209,True
pair_00339,-77.031928,48.833093,-77.026808,48.832015,0.392703,1212.813205,1375.775419,100.653372,True
pair_00340,-77.030581,48.832284,-77.027347,48.832284,0.236321,1313.429980,1341.529572,168.356321,True
pair_00341,-77.009829,48.807760,-77.008482,48.804526,0.371272,3482.203829,3537.527701,172.491575,True
pair_00342,-77.024382,48.792129,-77.024382,48.792668,0.059663,2220.114223,2227.204579,33.002484,True
pair_00343,-76.965632,48.843872,-76.965363,48.846298,0.269240,602.062062,337.735896,154.646110,True
pair_00344,-77.009290,48.823930,-77.009021,48.824469,0.062817,2416.379859,2359.472754,37.527065,True
pair_00345,-77.043786,48.817731,-77.042977,48.818001,0.066258,1148.604079,1210.877604,11.839320,False
pair_00346,-77.045942,48.767875,-77.045403,48.766258,0.183287,334.641349,352.477180,101.416102,True
pair_00347,-77.013602,48.799945,-77.013333,48.800214,0.035686,3105.628578,3128.693911,12.654051,True
pair_00348,-77.032467,48.767066,-77.033006,48.767875,0.097853,1302.992045,1274.483946,49.493325,True
pair_00349,-77.017106,48.792668,-77.021687,48.791860,0.346768,2755.569218,2412.282271,73.588695,True
pair_00350,-77.033275,48.767336,-77.033275,48.767605,0.029777,1247.842099,1251.384471,1.343314,False
pair_00351,-77.014950,48.804526,-77.009560,48.804257,0.395225,3067.948684,3455.731749,119.839746,True
pair_00352,-77.025999,48.791860,-77.022765,48.791860,0.236524,2099.152054,2333.999505,101.960673,True
pair_00353,-77.023843,48.793746,-77.023574,48.792668,0.120936,2280.524977,2285.879170,54.399191,True
pair_00354,-77.026808,48.791321,-77.023574,48.790243,0.264924,2033.311711,2253.982121,115.719397,True
pair_00355,-77.027347,48.792668,-77.022226,48.791321,0.403119,2011.895654,2366.052293,163.461992,True
pair_00356,-77.015489,48.828511,-77.016297,48.830398,0.217053,1859.139215,1644.739659,140.890625,True
pair_00357,-77.015758,48.810186,-77.018453,48.810455,0.199263,3083.667085,2891.570432,65.463619,True
pair_00358,-77.025191,48.792668,-77.024652,48.792938,0.049469,2168.457451,2211.149854,7.172682,True
pair_00359,-77.028425,48.833362,-77.027347,48.832554,0.119179,1213.690373,1311.856093,35.150322,True
pair_00360,-77.007943,48.824738,-77.009021,48.824738,0.078786,2339.253655,2329.908019,32.868573,True
pair_00361,-77.031389,48.818540,-77.032197,48.819348,0.107177,2058.990683,2010.987311,6.925428,True
pair_00362,-77.027616,48.796711,-77.027347,48.797250,0.062822,2045.565972,2072.190953,32.011510,True
