geocode,area_ha,mrnf_biomass,mrnf_carbon,esa_biomass,scanfi_biomass,mrnf_class
"-809570,08+545175,90",3.154835742228977,96.5,48.0,167.36288998357963,86.27647123771669,75-100
"-809110,11+547146,09",1.7651119631237169,91.2,45.4,154.73004354136432,91.85353335965259,75-100
"-809120,29+545595,49",2.262292801711674,99.9,49.6,144.99264705882354,63.0257557063541,75-100
"-807393,37+545220,21",3.3597253974375736,103.7,51.6,101.26450116009282,71.36367410482612,100-125
"-809278,51+543190,22",0.9273207383749279,89.8,44.6,120.58217270194986,39.51734539969834,75-100
"-809770,84+546599,53",5.134624602299886,104.7,51.9,183.55837563451774,69.77543811982063,100-125
"-809441,89+544831,57",5.927984347983174,89.6,44.6,160.57824933687004,78.96573611519248,75-100
"-807081,24+546639,68",0.344702047319701,97.4,48.5,153.74074074074073,90.75809716599191,75-100
"-808929,53+545439,61",5.270887046226465,105.5,52.4,111.64412607449857,60.67607589079127,100-125
"-810123,23+543744,82",9.220662043130828,122.8,60.9,211.42571186918525,94.83082039073419,100-125
"-807690,56+543730,80",4.076968542192195,129.8,64.3,176.3240857503153,85.79832507263714,>=125
"-807948,09+544118,63",2.3232532831312236,93.7,46.6,127.3609865470852,72.81614888188503,75-100
"-807951,64+544810,91",4.729746814340339,101.8,50.8,168.69264544456644,70.31231098325587,100-125
"-808105,18+544400,37",3.29825327699215,94.6,47.0,102.77883096366511,58.22353811991113,75-100
"-809294,02+544053,12",4.95240242246116,92.6,46.1,176.90636507101527,42.41333145434045,75-100
"-809076,22+543739,23",1.4617306265747885,98.5,49.1,177.75992779783394,81.2900836320191,75-100
"-809075,01+546436,91",4.354874134540646,117.2,58.0,178.3941387559809,92.99238782051282,100-125
"-808285,03+544410,32",6.9646180926793795,121.8,60.3,178.60520446096655,79.760779207772,100-125
"-808550,18+546386,25",3.3863127867360068,98.2,48.9,151.69224865694557,80.66855320024692,75-100
"-806906,98+545617,32",0.5653351763696854,101.3,50.5,91.11415525114154,75.70853960396042,100-125
"-807680,67+546016,78",4.594959251394913,93.0,46.3,177.80498866213154,46.08039171031655,75-100
"-808175,64+547080,89",2.2326107276661755,55.6,27.7,52.89828571428572,59.38701622971284,50-75
"-808144,88+544860,25",3.2102943872308862,73.4,36.5,64.53290008123476,56.65920208718339,50-75
"-809590,35+544522,56",4.043815050394497,97.2,48.4,163.75684277530232,60.92429729263667,75-100
"-809491,54+543576,16",18.915127555553532,104.7,52.0,196.052264331646,71.73600338976806,100-125
"-808553,50+543348,84",5.7058604399351776,150.4,74.7,189.41711956521738,86.61681729360036,>=125
"-810056,87+543135,27",4.771291738546236,131.0,64.8,205.92457016084305,81.96155273509983,>=125
"-806944,56+547384,41",2.1487105661885453,104.7,51.7,141.7406513872135,39.09173567137522,100-125
"-806660,87+550426,05",7.570974280225359,105.6,52.4,182.31663258350375,76.63915485177678,100-125
"-807641,78+545406,92",5.377912318124105,104.6,51.7,127.37997125059893,56.05233123662537,100-125
"-807917,54+546259,12",7.1645287396932185,120.3,59.4,158.11375947995666,64.47790149268246,100-125
"-807997,48+546910,94",3.6926902476237156,45.7,23.3,63.52464788732396,48.514008112442205,<50
"-808359,85+545952,24",6.369644877917955,91.4,45.5,162.5700819672131,47.55257246178293,75-100
"-809246,46+547241,45",2.6342363728870106,99.5,49.6,197.43237907206316,47.041340930170925,75-100
"-809242,89+546221,69",5.834759667929774,125.0,61.8,191.47616926503338,85.44636781471976,>=125
"-809848,29+543724,45",5.2439936155656595,117.2,57.9,196.22117763483425,85.17469599308922,100-125
"-809780,46+544429,41",6.1567848878825995,118.2,58.5,100.38349954669086,67.04038461538462,100-125
"-808306,36+546506,47",4.494678590715281,116.0,57.8,176.22913068508927,81.7085789636984,100-125
"-808458,04+544341,55",6.361470805652758,95.9,47.8,152.2770297837617,79.66504163014898,75-100
"-809321,67+545714,52",2.484827175555351,99.7,49.6,146.84358706986444,83.61455260570307,75-100
"-807987,66+543624,49",8.63517060579616,103.6,51.4,174.86032510535827,74.9725263625712,100-125
"-808565,27+545684,74",8.276897689798112,100.5,50.0,157.5545769109783,70.67129805060839,100-125
"-807115,52+547480,41",5.175484791156646,112.4,55.6,186.11681772406848,32.06749292738783,100-125
"-807773,93+546510,30",3.4374501687260635,102.5,51.1,187.92787377911344,52.3511512323765,100-125
"-807748,43+546230,36",6.318548978341725,105.9,52.7,186.5536953858718,43.16985817559736,100-125
"-809127,91+548987,58",6.170277551287837,98.5,48.8,184.65058724832215,67.61082547036554,75-100
"-809470,10+547132,55",5.1558929241075,111.5,55.3,173.90345172586296,75.56016485372609,100-125
"-809977,20+546401,84",3.998246644804626,108.3,53.4,199.11435997400912,53.34624443862864,100-125
"-808740,24+546713,64",5.717839343134682,103.7,51.6,189.98951686417502,79.74177802184388,100-125
"-809601,88+542899,88",1.0531017763702284,96.7,47.8,160.2058823529412,51.08574345015312,75-100
"-806964,62+547218,94",2.9375878688449557,62.9,31.3,164.69982394366195,44.28873574144485,50-75
"-809122,37+546782,30",7.371461110721021,126.4,62.6,195.15360281195086,90.77406986651516,>=125
"-809687,70+544887,43",11.058622870711963,115.5,57.1,167.5689897100094,76.46930156328796,100-125
"-807620,16+543133,22",0.4571015635058597,85.7,42.7,154.15254237288136,73.96641221374045,75-100
"-809417,37+545377,12",5.115442158308515,108.3,53.4,157.56022267206478,58.463884539451314,100-125
"-806684,23+547965,19",2.6498888574574804,107.3,53.2,204.5401960784314,43.18023715415019,100-125
"-808580,09+545764,57",3.103525816211006,97.0,48.3,191.91275167785236,67.76636353429886,75-100
"-808232,83+546840,77",5.801777340704096,90.6,45.2,129.40329768270948,63.296634615384626,75-100
"-807905,57+545597,13",5.1808668801918,96.1,47.9,154.4272088353413,49.29530020843138,75-100
"-808746,15+546364,29",5.844332965322225,96.3,48.0,186.52140945584304,62.85440544412608,75-100
"-808898,30+546022,51",8.274075248873515,94.4,47.1,186.76807511737093,64.72661779575328,75-100
"-807998,25+542861,04",5.773799727578638,140.6,69.6,162.3118181818182,89.27918076365393,>=125
"-808373,99+544797,41",2.974390286905246,93.3,46.5,92.01396160558463,93.76028119507912,75-100
"-809803,39+547237,21",3.928866727623592,101.7,50.5,195.27620303230057,89.55386115790407,100-125
"-810025,95+544006,06",7.457558115810854,129.4,64.0,199.1909878682842,85.09045814029669,>=125
"-808816,93+543365,88",8.077687258678493,153.4,75.9,180.46829739298354,80.05873214516896,>=125
"-809602,10+545442,49",4.079616675897608,97.4,48.5,175.24205844980943,85.30775803144226,75-100
"-809833,13+544805,89",3.5882421460370475,102.9,51.2,63.82032400589102,76.59566400933308,100-125
"-808247,05+542540,69",0.26086997093558434,92.6,46.0,66.07291666666667,54.65281501340483,75-100
"-808557,01+552883,86",7.428804537973586,114.5,56.8,193.44284206823778,54.9294360514216,100-125
"-807625,94+546774,24",2.0977717371637192,95.7,47.5,182.78501228501227,77.89735924265072,75-100
"-808085,14+545328,53",5.154972896748747,113.7,56.5,184.9448345035105,76.66337771169829,100-125
"-807846,27+545186,83",7.172339713774023,109.2,54.2,165.71111918604655,57.87902050335246,100-125
"-808515,94+548145,40",4.110258525397962,116.4,57.8,188.8305732484076,73.87386623717897,100-125
"-807053,21+547096,15",2.7638448418946737,44.1,22.2,155.53594771241828,45.85622317596568,<50
"-809042,87+552272,10",10.231251171439617,127.2,63.0,194.06725663716807,71.46791307017844,>=125
"-808122,99+546520,83",4.874139687521165,91.7,45.6,181.14959785522794,69.9546821305842,75-100
"-808491,37+546246,74",8.998337197620915,103.7,51.6,195.3607173850159,54.18487948539096,100-125
"-809108,55+549755,18",7.482273975709152,109.2,54.2,204.54984477406003,82.1013784111018,100-125
"-808044,63+552745,38",3.789509111235967,102.3,50.7,180.10950413223142,48.687425149700616,100-125
"-806701,21+548769,04",0.276450780241751,116.2,57.3,202.1261261261261,79.55569620253165,100-125
"-808632,03+551080,97",7.344807226775723,112.3,55.7,186.58796622097114,64.6794896119913,100-125
"-808130,43+549751,00",4.343917248881148,100.5,49.9,144.6818450620935,65.29648362235066,100-125
"-806916,58+550798,44",14.047279056341315,100.4,49.9,186.1061751152073,86.4786793342098,100-125
"-810015,65+545612,73",5.827509443436937,110.3,54.7,156.2405322415558,61.1864751645721,100-125
"-807763,71+542865,31",1.3561029815680237,97.5,48.5,69.27289719626168,85.31328707273194,75-100
"-807233,35+546892,35",4.097416094244277,88.1,43.9,155.8030018761726,63.63819822888281,75-100
"-807509,44+545660,07",7.162873083305554,103.8,51.7,163.55084441250446,53.660485715676266,100-125
"-807637,68+547162,40",8.64635311032937,82.4,41.0,156.03984304255957,52.62971184114945,75-100
"-807648,98+547391,60",3.7058530125447104,103.7,51.6,204.51610644257698,44.61282123693873,100-125
"-807852,58+547372,09",4.829206517103225,92.6,46.1,202.76700589180504,56.31994230075729,75-100
"-809132,78+544012,58",5.702359381194646,103.9,51.2,143.8451467268623,63.84992361747633,100-125
"-808237,27+545269,63",6.190691067010519,99.3,49.1,153.47521865889212,60.50202748366749,75-100
"-807420,38+544991,77",2.9285614890809164,91.9,45.5,158.64964788732397,66.53936726926736,75-100
"-807191,35+546205,22",2.574220992847509,94.1,46.7,158.23505572441744,47.04425497360941,75-100
"-807133,64+546504,21",2.516029444354451,87.7,43.7,200.72652218782247,42.577056457206275,75-100
"-807246,27+545032,27",0.5241185589066211,93.2,46.4,176.04901960784312,50.301333333333325,75-100
"-809115,29+544776,14",6.398560047876969,43.0,21.8,117.72849025974025,36.402223675604965,<50
"-809128,56+542752,51",1.5922992985897517,132.3,65.6,140.24709784411277,87.86200834981325,>=125
"-809054,93+544482,88",6.478773066429094,105.0,52.2,133.740249296341,75.12590838133171,100-125
"-808250,64+543185,60",7.002698120433654,116.4,57.8,192.70618556701035,80.17651745257186,100-125
"-807751,14+544963,13",4.409740240319403,116.5,57.9,105.69613583138175,72.84109415764094,100-125
"-808467,81+543570,16",3.9823650010932843,110.3,54.7,165.4254071661238,70.1092039583151,100-125
"-808530,51+545035,99",5.713874855626822,123.1,60.8,181.69673617407074,73.26085895558808,100-125
"-808658,22+544628,47",8.383058735292195,121.5,60.1,190.88335396039602,72.33571963705987,100-125
"-809451,88+545601,28",3.2587546816621575,93.0,45.9,185.01915403032723,58.67573647562935,75-100
"-807779,33+543197,01",7.9159989517332825,105.1,52.3,196.35365453949532,78.71031868470926,100-125
"-807299,43+546999,91",3.3882242880434768,69.3,34.5,129.42340261739798,61.02232280629566,50-75
"-808835,16+547122,84",4.230651446464203,72.8,36.2,169.5036719706242,54.17611202635916,50-75
"-809261,01+544322,68",5.879538126145287,97.5,48.2,175.2519823788547,53.18702561669825,75-100
"-809725,27+546282,30",8.449802508640332,110.2,54.4,155.25129454766983,43.281172686788686,100-125
"-807829,51+545941,58",2.2362170839610824,114.1,56.6,139.79743888242143,62.870012468827944,100-125
"-809030,61+543270,49",4.3326448892754215,135.8,67.3,197.90435835351093,87.3015758160476,>=125
"-809196,87+545181,84",7.7127778448815745,108.0,53.5,164.95535414568653,59.746098520830515,100-125
"-808200,69+545449,89",1.8565757317627438,108.9,54.1,87.11561561561564,66.75417526740475,100-125
"-809866,76+546903,39",4.214617352855289,112.3,55.7,173.02169869807813,62.47715442452283,100-125
"-809824,54+543522,67",12.254426361755234,129.6,64.0,184.9425725789362,67.70033296337408,>=125
"-810439,34+543092,21",6.345922654838547,141.6,69.9,201.5103305785124,87.48564170532362,>=125
"-808114,48+543306,83",8.41007386382756,154.7,76.6,187.62164662349684,90.51065329132811,>=125
"-809664,91+543980,47",5.609796569831272,90.0,44.8,162.0752886836028,83.39494804952403,75-100
"-807492,51+547281,72",6.967690545669373,90.3,45.0,194.0401486988848,42.68296466820137,75-100
"-807305,90+546649,78",5.510035051181179,95.9,47.8,192.3322290582111,50.29407674315697,75-100
"-807483,65+546693,31",4.678709465257776,98.8,49.2,202.02520547945213,54.14894250819181,75-100
"-808987,30+544267,45",4.60207167751024,106.4,52.6,147.33484162895925,41.97602662028284,100-125
"-808645,36+544111,97",4.227000703937923,91.7,45.4,161.95646842427956,48.78789630118891,75-100
"-807598,58+542722,58",0.07725185855293105,37.5,18.4,56.0909090909091,54.89592760180995,<50
"-810276,44+544294,53",5.393887009237169,133.5,66.1,192.45756222080414,83.58800361570243,>=125
"-808058,07+545854,67",5.251213132768476,108.4,53.5,122.8335795174791,58.798301486199556,100-125
"-809920,21+546611,50",3.8690928950670522,100.6,50.0,197.20852764823456,79.24824292665349,100-125
"-807713,61+543346,71",4.2983769147159805,141.8,70.1,191.2629674306394,86.79260880136157,>=125
"-808436,59+543272,78",9.820200728747224,162.3,80.2,188.1830687830688,85.86918408631146,>=125
"-810178,40+543887,64",7.287971457356283,102.9,51.1,206.03835227272728,89.232574815948,100-125
"-807938,74+545880,03",2.851338678273581,126.7,62.5,135.8777573529412,70.74850079549626,>=125
"-809002,88+545167,11",8.388900367816346,109.6,54.3,170.0413580246914,54.97172044350319,100-125
"-809448,29+546082,25",6.159548268777117,107.3,52.9,160.82493702770782,43.45221128831581,100-125
"-807606,89+546517,10",3.333914880028904,117.0,58.1,185.07943925233647,88.26475812349807,100-125
"-809384,63+546238,81",3.952541135757151,99.0,49.0,197.03788373612014,74.13794319985888,75-100
"-809406,32+546828,64",4.086068769859543,112.7,55.8,179.40398671096344,75.31184995737424,100-125
"-807576,03+542932,11",3.2324518053295566,138.6,68.6,159.1592562651576,86.24466939478785,>=125
"-810062,07+544408,39",5.219018993220322,114.8,57.1,172.3922902494331,81.47769678325419,100-125
"-808224,03+542710,37",0.49604446751241676,120.2,59.7,139.2994350282486,105.69630156472263,100-125
"-809862,48+543995,83",6.246545292946345,96.4,48.0,210.00831600831606,94.5888064282127,75-100
"-807978,47+546148,43",4.303734154297768,121.5,60.0,141.77950868783705,70.57682028023,100-125
"-809789,34+545659,36",4.830972886446241,108.7,53.7,187.03691813804176,45.196523871339956,100-125
"-809338,45+544972,81",9.610613330471011,111.3,55.1,169.19360953154623,48.57485942318154,100-125
"-809137,76+545481,11",4.28759718554785,106.8,52.9,163.0121212121212,64.03119400553834,100-125
"-808643,12+542642,65",1.5942100886560648,31.5,15.5,59.946932006633496,33.10208562019759,<50
"-808986,33+543107,34",6.883258767680508,122.3,60.9,157.6923950056754,89.43307844229506,100-125
"-809506,02+547386,28",4.510338447355495,88.3,43.9,173.51995373048004,93.01091922868424,75-100
"-809120,93+545835,46",4.057517068342589,88.7,44.2,144.784625158831,77.12971070478154,75-100
"-809393,76+542863,54",0.09588728319915989,119.8,59.4,147.42857142857142,30.216606498194945,100-125
"-809722,12+543232,06",9.662304646933267,144.3,71.3,189.74676724137933,83.1836026461338,>=125
"-808595,20+543095,03",6.35617810738919,160.1,79.1,176.81203931203936,87.04317020926015,>=125
"-808577,61+542885,12",3.388458378628706,121.9,60.4,194.1317225253312,83.93848059454996,100-125
"-808311,55+542972,77",3.858051814149565,124.0,61.7,201.59675236806498,88.87355386840201,100-125
"-809077,08+546217,47",7.854081832210091,96.0,47.6,191.16672147319966,81.84847677413624,75-100
"-807577,89+546159,42",6.649547939268182,108.0,53.5,150.34165366614667,49.56954128440366,100-125
"-808416,70+546083,76",4.159879513575448,99.7,49.3,177.93088418430884,52.79423592493294,75-100
"-809304,44+543917,99",2.9271424195686104,97.3,48.2,182.84982638888889,41.522895301693296,75-100
"-808390,30+544164,36",5.55429276923368,119.4,59.1,176.48848142924314,42.73168130489334,100-125
"-808923,20+545852,40",4.232390765946843,27.8,13.9,133.09309494451298,51.255213914763836,<50
"-809449,10+543148,77",11.20810829482687,36.5,18.0,104.73014398513702,30.50679000809817,<50
"-807679,67+544890,45",4.318907287227645,87.4,43.1,107.26063511084485,59.00815831987074,75-100
"-808919,60+546844,27",3.2955938389828976,117.4,58.3,187.69599371563237,91.69604316546761,100-125
"-807765,88+543839,58",2.965448347383889,127.4,63.2,159.14526129317977,86.64066918001885,>=125
"-810412,10+543393,44",7.018246723369029,119.4,59.2,214.09211986681467,91.75614000198868,100-125
"-809620,49+546538,82",7.374303380748451,99.7,49.6,156.55705996131525,61.79362527191902,75-100
"-809343,60+546699,20",9.267176283364028,109.1,54.2,137.46830451925996,70.24984944293887,100-125
"-810009,14+545740,46",3.978744383006252,79.7,39.5,169.20907297830374,51.532778264680104,75-100
"-807125,87+546341,35",0.5879761539651172,111.7,55.4,158.8701298701299,42.58467023172905,100-125
"-808542,67+543700,73",3.549552368709974,110.0,54.3,182.67152221412962,67.48955575169167,100-125
"-808935,10+543419,67",2.366459779479138,123.4,61.0,191.36865342163358,74.4948347107438,100-125
"-808696,40+543595,20",5.488989584620516,126.7,62.6,181.03166351606808,80.48871511221311,>=125
"-808348,57+542776,96",1.982413940521247,141.8,70.3,203.2234042553192,76.40155120747397,>=125
"-807455,13+546121,84",5.796904700831015,106.9,53.1,149.40737410071947,57.818564639355095,100-125
"-808348,71+545100,80",7.460785349819971,102.6,50.9,134.27142857142857,54.654859813084116,100-125
"-809453,50+544616,67",9.23763124755344,113.8,56.4,168.80429927414852,49.08679729678709,100-125
"-809415,08+544415,27",7.987635921234039,103.4,51.3,173.34220779220774,44.94615216917374,100-125
"-808876,80+544113,78",6.662942100266226,107.5,53.3,139.4012465913518,54.99292934583356,100-125
"-808332,59+547248,70",1.7370770515474563,68.2,34.0,45.64243323442137,43.140357932837304,50-75
"-807349,72+543449,38",0.511886115652675,112.3,55.7,64.16577540106952,87.28035470668485,100-125
"-808216,70+543383,74",6.4688724900332035,124.7,61.8,177.86471296668006,76.42965677030013,100-125
"-809427,95+545813,45",5.9658875588863856,96.4,47.9,147.0125649913345,39.55210280373832,75-100
"-809661,41+545736,07",5.123463934879373,95.4,47.4,153.37765419615775,44.51959450265343,75-100
"-809563,77+545632,06",4.38976505983932,102.1,50.6,168.58823529411768,56.66981881754608,100-125
"-808860,86+547406,20",2.319293510601005,108.4,53.8,208.2190580503834,75.74823281696499,100-125
"-809528,88+547592,64",8.105598822876003,104.1,51.7,158.57852819369225,56.287948442534926,100-125
"-807700,45+544044,60",3.603606181282716,99.3,49.5,158.91208005718374,63.81445689988403,75-100
"-809146,78+547377,71",4.980660354227632,98.6,49.1,170.37656903765694,64.62089259440903,75-100
"-808904,14+543861,50",8.521860212668583,89.8,44.8,172.34479582437828,57.2984549987738,75-100
"-808351,29+543994,62",4.142647178838829,92.8,46.3,163.29650436953807,53.24749389267962,75-100
"-809430,49+549364,23",7.084233451278768,114.4,56.6,200.68626010286553,56.48640795823895,100-125
"-807966,25+547863,77",15.384259372145861,122.9,60.8,192.2637491616365,84.13669342039636,100-125
"-807811,78+548333,94",9.080632553216534,118.6,58.6,190.5379547407619,69.6246305040501,100-125
"-807065,19+548767,19",8.911509880967369,121.6,59.9,203.14091435185196,87.22276549970658,100-125
"-806751,87+547812,64",7.302104836993615,122.2,60.5,193.60000000000002,57.98940384707173,100-125
"-809312,21+549758,32",6.0452579862885205,88.7,44.1,192.53502363558232,87.55813819356327,75-100
"-806600,08+548936,76",0.15573465920669988,94.0,46.6,209.38983050847455,55.020270270270274,75-100
"-806676,50+551304,01",6.221344420213462,131.2,65.1,187.33777038269557,92.48214385827205,>=125
"-807545,09+550719,61",18.361502532208867,139.1,68.9,208.10081782289905,96.70707358272124,>=125
"-808280,35+546319,82",5.528692967201371,129.0,63.6,192.79897148200092,69.47677940434124,>=125
"-809705,96+547146,52",9.882255446007633,128.2,63.4,195.68731950643212,79.60074034902169,>=125
"-807857,49+544562,76",4.9244857464456295,109.4,54.3,158.38648363252375,68.35289121664663,100-125
"-807522,20+543842,45",0.6666962549926111,27.6,14.1,83.60474308300395,38.03177083333334,<50
"-807769,71+544694,93",6.451796961065664,109.9,54.5,147.78410914927773,69.13250472845178,100-125
"-809623,93+546075,99",3.7339470671173927,96.4,47.7,121.20877565463553,49.98832212257098,75-100
"-807831,71+544414,43",3.4766653194171826,91.4,45.3,154.03305785123968,64.72802969502406,75-100
"-809928,30+546115,42",5.910098372170306,106.9,52.9,151.47972088966418,53.90475347959425,100-125
"-808694,96+546844,82",5.344336787310826,98.3,49.0,206.2402126631223,61.41290869934086,75-100
"-809092,39+543578,65",3.58458735922764,98.1,48.7,183.26093189964158,55.949508707072674,75-100
"-810040,64+545947,90",3.729053223060837,78.7,39.2,141.03773584905662,34.614787810805744,75-100
"-808486,02+546927,05",6.301782004575184,96.9,48.3,167.2056418642682,48.60723771580345,75-100
"-808447,13+547224,89",4.906010976708208,99.7,49.7,161.489904357067,73.494603805737,75-100
"-808698,46+547040,87",3.9177113897130194,109.9,54.8,190.72926343729267,81.73887504449979,100-125
"-807507,26+544577,56",6.134947134284513,95.4,47.3,150.94277236117003,69.70155192996418,75-100
"-809234,32+550790,14",6.000761955455902,98.0,48.7,204.3837907375643,90.44254676426162,75-100
"-809012,66+547483,60",5.925465085381828,126.2,62.5,205.4582967515364,89.76857361692096,>=125
"-808435,81+544638,61",4.9981341828777355,121.5,60.2,143.42537701508058,93.60826538434733,100-125
"-807668,13+544304,32",2.6837924890797993,89.5,44.5,96.91754554170663,47.97394010112798,75-100
"-807437,17+544205,65",1.7343196967390453,97.7,48.6,116.74702380952382,58.96187979023797,75-100
"-807801,59+544200,21",4.311690773385082,88.9,44.3,146.72105578884225,60.05553756476684,75-100
"-808903,49+543607,00",6.5173919780814575,93.2,46.4,184.4305555555556,58.25505293551495,75-100
"-808385,44+543818,63",6.75273668969821,94.1,46.9,146.6264456437934,58.4919979349509,75-100
"-807871,31+545376,66",5.015119718914368,95.7,47.6,149.3950361944157,63.562904235343204,75-100
"-808285,17+544884,87",5.036573520717772,29.4,15.0,49.60670103092783,30.673172757475086,<50
"-807926,57+547966,45",2.894308281897063,103.9,51.6,203.93901345291485,93.58414648837487,100-125
"-808496,41+547455,03",2.034286212546973,82.7,41.1,105.95207253886012,71.81843050094032,75-100
"-808870,05+544901,07",4.449185795805988,95.5,47.5,169.62973760932942,53.54981983393385,75-100
"-808431,34+544048,50",5.876593055336297,108.9,53.9,146.56376429199648,58.76122412668291,100-125
"-808894,91+544701,83",5.286982940170293,111.8,55.5,157.7313359528487,58.05663856691252,100-125
"-808128,10+547360,42",8.573678345820605,71.6,35.7,117.52575757575758,61.92348949656655,50-75
"-807036,76+549272,95",7.1224377235770735,137.5,68.1,200.74963556851307,89.50653226990264,>=125
"-807370,79+547586,78",4.573970369544169,100.6,49.8,206.34903518728714,34.27344047528373,100-125
"-806767,12+549454,28",5.949646797106379,129.4,64.0,211.00086918730986,89.22074421330207,>=125
"-808433,65+549117,44",6.752257806008198,107.1,53.2,169.3396081444487,51.84631274530056,100-125
"-808197,58+552720,05",6.922112856554423,81.7,40.4,138.9668049792531,41.61951047542302,75-100
"-808079,27+553039,86",3.4575711219306124,77.0,38.1,150.9047256097561,38.61516740621217,75-100
"-808505,94+552435,07",11.123532439325684,77.5,38.3,115.3312339631444,40.84430312333572,75-100
"-806334,73+552575,78",3.94402372290885,55.5,27.4,103.3170731707317,37.35466195315952,50-75
"-806664,03+548448,94",0.7200989434234915,95.5,47.2,172.85211267605632,67.71200387221685,75-100
"-808027,31+549200,63",8.595171599568127,116.2,57.5,154.3389312977099,67.67996914582658,100-125
"-807124,39+548148,35",12.598876256718794,114.3,56.5,199.16410886024144,57.03344675906715,100-125
"-807359,38+548569,10",6.552363022937466,112.3,55.5,182.92664551942906,91.25027921076419,100-125
"-806815,37+548981,28",7.340910440093072,125.4,62.1,201.35837135837136,94.53544466074737,>=125
"-808413,95+549446,75",4.151368551858231,73.2,36.4,164.11804697156992,60.8870222595548,50-75
"-808099,12+544084,83",1.875202174990725,95.2,47.4,87.30674002751033,77.63385533184191,75-100
"-808349,78+548179,88",7.241213858659252,112.9,56.0,197.2287558264611,94.12255421686746,100-125
"-808165,34+553168,46",0.35425106820728963,107.8,53.6,213.0569105691057,61.99606299212598,100-125
"-808085,98+548579,35",18.089599153267958,122.4,60.5,204.09093508721767,85.99884368555956,100-125
"-808065,34+548135,91",6.88071240526358,118.4,58.6,177.75998492840998,84.55147096055491,100-125
"-808271,79+548486,37",6.924143297394339,130.4,64.5,196.7353603603604,82.63141993957704,>=125
"-808630,72+548705,80",5.148296550340295,102.3,50.9,197.98992443324934,45.70317901443774,100-125
"-808516,03+548631,52",3.608046598728872,77.8,38.7,163.63642857142858,47.28284000773846,75-100
"-808311,35+547516,95",5.013346032290336,84.8,42.2,192.94948453608245,60.6252346193952,75-100
"-808095,93+547611,52",5.6662209997874164,100.5,50.0,199.99176578225067,48.8787113465566,100-125
"-806854,74+551618,01",4.103707228405219,12.5,6.1,77.69624999999999,35.8096129306678,<50
"-808816,37+552241,51",6.941436071793801,88.4,43.7,161.19440298507462,33.041288315858125,75-100
"-805892,47+552175,02",3.06825995873393,40.3,19.4,97.41414141414144,37.68852272727273,<50
"-808995,40+542583,02",1.6406274083908159,64.5,32.0,61.998355263157904,31.00560465617591,50-75
"-808018,14+549495,24",8.545959344657625,96.3,47.9,190.80750605326878,51.885048559536436,75-100
"-807865,28+544061,88",3.0727097608771357,20.7,10.6,67.83149872988994,27.650260830120203,<50
"-807431,35+544723,12",2.6118402012142776,95.2,47.3,172.01090188305253,64.31682242990655,75-100
"-807559,40+547887,40",8.540823663132093,105.6,52.3,178.94866342648848,78.73983673469382,100-125
"-807038,73+548579,77",10.23550594262509,115.2,57.0,178.37818552497447,116.22424139106714,100-125
"-808193,65+547841,55",5.889448667427213,107.4,53.4,193.76726792784865,87.97525016282795,100-125
"-807147,15+551432,22",16.532821222131677,72.3,35.9,150.0576080150282,35.50278422273782,50-75
"-807884,23+546609,68",6.486933153251098,84.6,42.2,138.14828137490005,66.15910800644814,75-100
"-807309,49+549947,27",7.138944508619517,93.9,46.8,131.04222788496543,31.031408753419296,75-100
"-809585,33+548219,66",6.789092737667716,82.6,41.2,188.43448275862067,70.50410846343468,75-100
"-809048,06+548437,84",7.078826385359337,98.1,48.9,202.1250459727841,71.67267089915845,75-100
"-806573,15+551436,91",10.473122442633448,75.2,37.3,155.6039408866995,39.19760479041918,75-100
"-808627,11+547645,18",10.734007805431338,91.3,45.5,182.13322050290134,88.00210977311828,75-100
"-807205,26+551974,85",14.601958178009093,55.2,27.3,96.05627322597772,64.58431447472115,50-75
"-808520,29+546604,39",3.6114189883695644,91.3,45.5,166.42918763479514,86.82828185328185,75-100
"-807867,98+547174,53",3.392057100917212,96.7,48.2,198.2971734148205,88.49450549450549,75-100
"-808899,62+547184,46",2.179205052349018,106.9,53.3,205.9785969084423,42.63717805151176,100-125
"-808607,07+547355,68",6.471154755461453,102.4,51.1,197.81644054269753,92.34428879310342,100-125
"-808278,82+552138,28",1.8290529021504662,90.5,45.0,90.83451202263086,36.1221607176942,75-100
"-806239,17+549764,33",0.02474199775757403,113.8,56.0,213.0,103.0,100-125
"-808680,15+549466,43",6.868120921873758,111.0,54.9,165.38865784499055,65.49578808484728,100-125
"-808118,35+551800,57",6.515977825698974,96.7,48.0,101.15059760956177,50.21724692019281,75-100
"-807558,83+551623,65",5.768592529405632,109.7,54.4,194.11291779584462,45.9532699024449,100-125
"-806212,60+551248,92",1.6857698240673977,98.0,48.6,150.6635802469136,36.745390511705004,75-100
"-808524,81+552109,28",13.585028061628194,43.2,21.0,112.18332697443724,29.806969821391906,<50
"-808752,25+548028,48",3.150717981190967,87.8,43.6,169.65789473684208,59.8133599644918,75-100
"-809107,67+549352,48",11.79340068691466,104.2,51.6,174.1170539237177,40.259035966545504,100-125
"-809610,93+548494,97",2.2673298422682016,93.7,46.5,194.45600000000005,40.63846153846156,75-100
"-808947,89+547948,40",7.08314859157817,98.0,48.8,191.2575923893157,85.91545965119721,75-100
"-810354,36+543470,91",7.592104470090187,121.4,60.2,205.960871044573,93.41298558177978,100-125
"-807381,11+551012,13",5.530813644866186,114.3,56.6,203.65603003284843,46.79829867674857,100-125
"-806651,95+547633,00",0.3447881105521085,119.6,59.2,173.83703703703705,91.31983805668017,100-125
"-808121,95+547716,47",2.1411670707363757,107.9,53.5,199.86077481840192,57.74776095098518,100-125
"-807184,20+547627,83",4.215073534481549,124.3,61.6,194.26461538461535,81.93763440860211,100-125
"-807803,63+548240,05",9.421637361887104,120.4,59.6,183.06959403479703,89.62203063716422,100-125
"-808473,80+547978,69",5.700693164220405,89.4,44.4,179.9221772379667,49.99296765119548,75-100
"-808465,22+547679,74",3.6292002561698085,60.5,30.1,165.92862241256248,60.563269230769244,50-75
"-807932,85+543861,40",3.537913505849047,120.1,59.4,124.62957540263544,78.27586206896547,100-125
"-809332,83+547975,81",8.246050480535356,90.5,44.9,187.25219573400256,61.59522198731499,75-100
"-807165,49+551743,50",2.968604380059158,104.6,51.9,111.79304347826086,50.930888575458376,100-125
"-807154,50+551002,58",10.553970350710763,128.7,63.7,202.50232558139533,70.17487440507671,>=125
"-808055,31+550864,40",20.717130533381038,114.3,56.6,203.28560710266345,63.00425782564791,100-125
"-807929,75+551122,21",13.781224888069994,131.2,64.9,196.98346175530918,77.32588732323106,>=125
"-808926,02+550844,64",7.070568446161733,120.7,59.9,205.760790051207,97.02347718865596,100-125
"-807822,47+551284,91",10.040012090517756,118.5,58.8,199.36831275720164,90.10387220003481,100-125
"-806762,58+552839,39",0.2251426887957259,69.4,34.2,73.8974358974359,19.93468118195957,50-75
"-808970,80+548131,61",10.833543581282665,91.8,45.6,167.43285371702638,49.484780230388054,75-100
"-809369,07+548202,06",13.946974582939324,96.5,48.1,199.7256538675571,89.3517982017982,75-100
"-806878,33+552870,25",0.5397982004825823,18.7,9.4,62.03482587064677,29.538561244329227,<50
"-807391,44+545518,26",2.2249457195538573,53.7,26.8,118.33023255813954,56.856314634910696,50-75
"-807201,73+550539,78",5.013760464995738,125.6,62.1,202.1569948186529,83.65792585379425,>=125
"-808644,80+550694,47",5.056755108723035,126.5,62.6,185.64699846074913,71.75032769920662,>=125
"-807409,48+549114,32",6.4182347122562025,137.8,68.4,199.5526950925181,87.58789327826983,>=125
"-807213,45+548422,93",8.768405612060807,107.5,53.2,179.86735598227474,76.62103214016132,100-125
"-808353,43+546747,94",0.8484972022802602,83.3,41.5,163.62500000000003,77.7753593429158,75-100
"-808321,24+549715,21",4.957079604307971,118.2,58.5,190.6194458964976,89.56893640967921,100-125
"-808293,52+549577,73",4.86641247465455,115.0,57.0,181.6487935656836,87.20480114654247,100-125
"-806742,76+550924,54",12.553901335998704,121.6,60.4,201.47131400370145,74.1701714475947,100-125
"-808717,66+549565,82",6.115895243919416,115.6,57.3,190.5357899195256,92.20956888686133,100-125
"-809277,94+548649,79",3.4808910926268664,77.6,38.7,108.23699851411591,71.80462647706788,75-100
"-806991,25+551781,07",1.7128780010196512,13.0,6.6,56.692189892802446,31.714693295292438,<50
"-806799,28+552713,20",5.231656114577745,49.6,24.5,100.9360041623309,43.87304127492166,<50
"-806746,20+550338,80",6.3150291909139655,96.9,48.3,199.87985288107882,43.00872253505576,75-100
"-806549,30+550528,63",2.9795245386041307,95.1,47.4,172.98263888888889,33.48200846660396,75-100
"-807583,54+549430,20",13.856605757700603,96.7,48.2,197.33202687569994,51.804925910085764,75-100
"-806634,22+551652,74",6.153247401070036,12.6,6.4,115.02956081081084,37.55367359655581,<50
"-805634,36+552159,66",0.021516552793465024,11.9,6.1,32.0,32.90163934426229,<50
"-806669,58+551150,15",6.663394639480765,94.6,47.0,180.108287724785,74.97383842611974,75-100
"-808661,29+549669,88",6.354284217382398,122.5,60.8,200.17096114519427,74.8541781047546,100-125
"-807077,05+546782,30",1.021607651389081,90.1,44.9,160.9020618556701,61.159028727770185,75-100
"-808639,60+544807,91",7.060610452184748,116.4,57.8,178.49889786921386,83.71566062879425,100-125
"-807616,53+545763,20",2.8690478108605895,87.9,43.8,122.79693140794225,62.302761221262614,75-100
"-808919,90+546274,04",6.539448529187158,103.8,51.4,182.4242664551943,73.17999147212453,100-125
"-809106,75+546006,15",5.782744390237675,104.1,51.6,204.04082548227908,63.11525934861281,100-125
"-806774,15+551970,21",3.5840557270686957,77.7,38.7,107.60875912408756,45.71838800739804,75-100
"-806619,42+550269,09",3.4713472183260783,97.3,48.5,174.98042168674698,55.28142570281123,75-100
"-808409,80+549299,99",5.5977403420121705,78.9,39.3,134.68171242438345,63.944998131306846,75-100
"-809649,94+547894,75",4.268135486412698,97.3,48.5,196.7255139056832,64.21234164282797,75-100
"-807112,21+548923,73",7.222248268774066,134.4,66.3,208.3589375448672,90.48238416988413,>=125
"-807283,60+549749,17",9.558868269689466,93.4,46.6,170.86735525958147,45.561896784062355,75-100
"-808632,71+550816,99",7.889810804494757,129.4,64.0,200.0415293342122,79.74034344236964,>=125
"-807315,30+552947,19",0.33823314829008116,100.2,49.5,115.58928571428572,58.25643666323378,100-125
"-809681,77+547741,53",5.5685846183331575,95.7,47.7,207.66166822867854,44.01834690043834,75-100
"-808436,70+548837,36",8.273730320690097,96.8,48.3,202.92165465371357,40.117352520407294,75-100
"-809179,23+548549,25",12.422783977885066,93.5,46.6,179.94685285535644,63.734567901234534,75-100
"-807358,62+548033,77",8.436310399288931,119.1,58.9,200.27345432174715,76.54475142691706,100-125
"-807569,62+546401,80",3.443692152659563,108.2,53.6,191.6453089244851,53.281762917933115,100-125
"-809177,49+551399,04",9.522413971916226,114.0,56.4,180.32880065270598,55.26479956068092,100-125
"-806713,26+549938,98",5.019733495775751,95.9,47.8,174.53493222106363,58.88915110710071,75-100
"-809227,04+547839,48",10.3645751697164,96.8,48.3,207.3461634591352,86.98713674781966,75-100
"-809352,88+548420,74",5.57412067520853,92.1,45.9,181.54790697674423,54.286054230070754,75-100
"-807005,63+548438,31",4.627956340400182,66.2,32.6,155.17131696428567,48.03257427235712,50-75
"-809667,30+548384,26",3.9688839206850126,89.1,44.4,190.63230466185155,70.01415509055738,75-100
"-809519,74+549098,74",5.370880142562633,106.1,52.6,197.86472019464722,41.866402803010644,100-125
"-808615,74+548243,04",4.643750545421348,105.5,52.2,183.80833333333334,41.21963494328849,100-125
"-809483,40+548751,70",6.286854425848736,93.8,46.8,184.79621243310007,51.56831781914895,75-100
"-808770,39+548425,95",8.689206060027868,95.4,47.6,183.78276374442797,53.644571061712504,75-100
"-808772,05+548966,38",11.282526185399423,96.3,48.0,198.929651695692,58.49658602898015,75-100
"-806319,84+551791,02",1.6100840717561913,69.4,34.4,139.69391025641025,41.7263660017346,50-75
"-809023,92+551861,10",12.18130241312227,114.9,57.2,199.4859318806854,64.5795695231553,100-125
"-808896,03+552512,86",9.738704211799204,68.4,34.1,152.648177920686,81.24632445000896,50-75
"-807502,78+550415,61",7.26882481352333,120.3,59.3,189.16,77.64533627766306,100-125
"-808164,20+550135,26",12.178210105630956,102.8,50.7,162.55541374175712,50.56371861310733,100-125
"-806298,35+549904,46",1.5245516936470962,107.1,52.9,143.80607082630692,43.23517288756584,100-125
"-807454,14+550034,22",5.498520494191742,111.0,55.1,192.14071996259938,30.724078888959347,100-125
"-806879,26+552226,03",7.806364141578048,59.2,29.2,110.69993390614673,62.017067286212125,50-75
"-807379,60+552049,16",10.908552879153078,72.5,35.7,89.81660323501428,55.754785721133864,50-75
"-807970,95+552477,18",21.630197524665196,60.3,29.8,134.26690604428487,46.80363560182425,50-75
"-806686,38+551811,26",9.706464149702168,66.3,32.9,95.0464,40.70062526951273,50-75
"-808945,89+549763,00",5.484564473637746,119.6,59.0,209.3000940733772,67.29103860586402,100-125
"-807815,81+549977,12",5.5008967934276605,125.7,62.0,186.0418429713211,60.2950123581976,>=125
"-809110,33+550314,58",15.843786880805284,114.1,56.3,185.9565004088308,75.58438215102971,100-125
"-808513,88+550359,66",7.80057356310016,121.8,60.0,182.85076108537396,102.60853423983541,100-125
"-809140,62+549215,20",6.531893457444195,102.5,50.7,156.28503184713375,31.992626629621714,100-125
"-806819,20+549755,55",8.748235324287807,111.1,54.8,175.29340788699238,59.578311330913756,100-125
"-807207,92+545993,61",4.171895038069436,89.3,44.5,148.1529411764706,42.352169188330706,75-100
"-806415,28+550213,81",0.010846160675772876,113.3,56.2,176.0,41.0,100-125
"-807343,56+549298,76",7.669892794381435,114.1,56.4,193.95552560646902,63.060180131004365,100-125
"-807838,98+547004,51",3.0818923583417583,65.3,32.5,142.93372483221472,67.85375226039781,50-75
"-808048,21+552027,18",9.327492466447412,46.8,23.1,103.43587617468214,51.884672841350465,<50
"-808046,91+546802,90",1.6627353072678817,21.3,10.7,37.02523659305994,37.20939006497589,<50
"-807586,81+548856,23",4.10670362618733,129.7,64.1,199.85308953341735,87.03788777758942,>=125
"-807494,88+546931,81",1.3011820147181765,69.7,34.7,144.3041749502982,53.28686111854428,50-75
"-809120,45+550466,28",7.624476135143984,88.1,43.8,193.51355013550133,71.4866989669988,75-100
"-808112,17+550548,56",11.562705673675952,101.0,50.1,186.31398476019726,92.86749276410994,100-125
"-807588,85+549910,02",9.164826978577485,103.4,51.2,186.9013924410344,69.01232454638824,100-125
"-807974,34+549714,80",3.3465914649135184,98.7,49.0,185.34648105181753,84.79106343089255,75-100
"-808602,30+550216,76",7.423217758882713,101.9,50.7,202.32343695424382,92.82965922444188,100-125
"-808604,75+548389,78",2.6749639899238393,74.6,37.1,167.71802325581393,73.41446852964219,50-75
"-807682,82+549173,19",4.112100409480753,102.4,50.9,144.73178391959797,73.49919347992191,100-125
"-807630,41+552210,85",12.029571461301424,49.8,24.6,114.44112591319298,55.164754620777586,<50
"-807686,60+551875,40",12.022865187080045,88.4,43.8,77.36315904616058,50.527530928733206,75-100
"-806124,10+552677,25",0.14377189983876965,112.9,56.0,78.83636363636363,76.48668280871671,100-125
"-808141,40+550641,57",13.814987159067904,138.6,68.5,187.13753742514973,97.40305439858632,>=125
"-807195,26+550182,71",4.5627805185368375,120.6,59.5,185.28742857142868,45.06050882420354,100-125
"-807113,84+550366,79",11.33370749266896,106.9,53.1,198.6016389710904,85.16468235656053,100-125
"-808633,60+551799,49",10.696028716711744,123.2,61.1,149.51147460937503,82.77469930571402,100-125
"-808756,88+553095,16",1.2288542018271325,123.0,60.9,205.95739910313904,73.53293583191368,100-125
"-809280,98+550606,93",6.9233179722803335,124.7,61.7,208.72617246596062,93.06434870244397,100-125
"-808926,73+551033,43",5.52932177683108,140.6,69.7,202.54934210526318,89.91711905062493,>=125
"-808596,95+549875,79",10.634950974661614,124.6,61.4,196.38504491381406,48.34916887970886,100-125
"-808475,66+550122,29",8.67191367185243,95.4,47.1,194.58410794602696,77.25760681699427,75-100
"-807530,63+550232,02",9.3014420068398,118.6,58.8,185.2274749721913,84.75962691039857,100-125
"-809356,99+550141,50",3.964807684952264,74.0,36.8,167.24689745264533,55.59069317382122,50-75
"-810349,74+544079,40",4.278446039951027,108.7,54.1,208.624847001224,91.72646507457824,100-125
"-806497,98+552539,77",2.4157338171165734,96.5,47.8,100.74945770065074,58.024033589112506,75-100
"-805149,31+552294,50",1.038129898097947,97.6,48.6,57.44897959183671,52.4459005376344,75-100
"-809095,67+550129,50",7.123349090811167,86.8,43.1,196.68229734641943,72.8913064736945,75-100
"-806342,15+550774,94",0.4622686666099302,98.7,49.1,199.9717514124294,52.15197568389059,75-100
"-809292,29+547593,51",5.676105814973211,106.7,53.0,174.7355221158231,50.755163326591926,100-125
"-806964,85+552396,38",10.376224611532386,48.8,24.1,98.70937813440322,61.681450122635475,<50
"-807616,00+552760,09",9.962682057640237,58.9,29.1,122.25026511134674,28.705845314303705,50-75
"-807346,05+549509,09",4.1973914231995915,106.1,52.5,188.57573891625614,59.99742375135044,100-125
"-807372,33+548915,33",8.989589984096718,114.5,56.8,193.81686886192946,71.5663524574266,100-125
"-809900,78+543446,74",6.889889770314249,103.1,51.2,191.8597813795703,84.9370509057788,100-125
"-807356,78+552518,95",4.002098682705101,89.9,44.7,167.05878552971572,71.07709059233447,75-100
"-807372,53+547833,54",9.103498483779946,115.8,57.2,198.88980169971668,51.85310344827587,100-125
"-806360,44+549525,33",1.5103125470734677,111.8,55.2,197.4390243902439,108.63684697179842,100-125
"-809266,57+547070,00",6.066230065822401,107.4,53.4,189.61498708010336,53.56479035037335,100-125
"-807625,96+546896,61",5.904453970708724,76.6,38.2,134.44712593242653,69.55798687089718,75-100
"-807805,54+549729,17",5.8879239714396965,96.8,48.1,183.55094838994273,37.22835112692765,75-100
"-807770,73+551552,44",13.79525838312228,116.9,57.8,179.33865514650637,67.8305556258061,100-125
"-807757,92+547633,15",7.203989873008152,135.1,66.7,199.05344889851932,91.87111433405849,>=125
"-808151,79+549269,58",6.057950013722935,93.5,46.4,177.84582256675282,46.04229485556454,75-100
"-806687,40+549264,26",5.6968779922786545,114.8,56.6,205.0853381752156,80.7721984078383,100-125
"-807957,89+550473,06",4.707507285227219,120.9,60.1,196.42001099505217,96.9426114035738,100-125
"-808694,09+550446,79",6.976061079966994,93.7,46.6,162.63159851301117,88.35749588138383,75-100
"-809091,06+549943,42",8.270603107417227,113.7,56.2,193.65297805642632,65.65486837664527,100-125
"-806609,96+550118,66",4.311691319601347,85.7,42.7,145.12409638554215,48.57723708673509,75-100
"-807887,24+548870,17",5.765002635322103,135.7,67.0,187.1783154121864,88.89085295720076,>=125
"-807097,07+552232,10",3.273749710978599,137.6,68.0,132.52111553784857,86.89026209247818,>=125
"-807822,21+552284,01",6.034207767659009,75.7,37.6,147.0999142367067,71.47880400208196,75-100
